job_id,title,company,category,contract_type,salary_min,salary_max,salary_is_predicted,country,province,city,location_display,latitude,longitude,description,created_at,redirect_url,created_date,days_ago,salary_avg,years_experience
5896527815,Senior Data Analyst (NH),Mediro ICT Recruitment,it,contract,,,False,South Africa,Gauteng,Tshwane,"Pretoria, Tshwane",-25.725,28.18472,"Introduction Our client in Pretoria is recruiting for Senior Data Analyst to join their team. Job Description To discover data by applying data discovery mechanisms to establish the data assets, within the context of the business value drivers, processes and data products, within scope. To identify data profiles of data assets discovered to determine data sensitivity, quality, context of use and legislated aspects to inform the data assets handling protocols. To implement standards, guidelines,...",2026-09-24 10:43:39+00:00,https://www.adzuna.co.za/details/5896527815?utm_medium=api&utm_source=7fc50c9d,2026-09-24,0,,
5896527161,Intermediate Quality Data Analyst,Old Mutual,it,,,,False,South Africa,Gauteng,Johannesburg,"Johannesburg, Gauteng",-26.183117,28.026104,"Let's Write Africa's Story Together! Old Mutual is a firm believer in the African opportunity and our diverse talent reflects this. Job Description The Data Quality Analyst will work with diverse data sources to profile, validate, monitor and improve data quality across the organization.Support customer insights and business decision-making through the delivery of accurate, complete, and reliable data. Bridge the gap between business requirements and technical solutions by advising on data qual...",2026-09-24 10:43:15+00:00,https://www.adzuna.co.za/details/5896527161?utm_medium=api&utm_source=7fc50c9d,2026-09-24,0,,
5896527076,Clinical Data Analyst II,Parexel,it,,,,False,South Africa,,,South Africa,,,"When our values align, there's no limit to what we can achieve. At Parexel, we all share the same goal - to improve the world's health. From clinical trials to regulatory, consulting, and market access, every clinical development solution we provide is underpinned by something special - a deep conviction in what we do. Each of us, no matter what we do at Parexel, contributes to the development of a therapy that ultimately will benefit a patient. We take our work personally, we do it with empath...",2026-09-24 10:43:13+00:00,https://www.adzuna.co.za/details/5896527076?utm_medium=api&utm_source=7fc50c9d,2026-09-24,0,,
5896296213,Senior Data Analyst Pretoria,Mediro ICT Recruitment,it,contract,,,False,South Africa,Gauteng,Tshwane,"Pretoria, Tshwane",-25.725,28.18472,"Our client in Pretoria is recruiting for Senior Data Analyst to join their team. To discover data by applying data discovery mechanisms to establish the data assets, within the context of the business value drivers, processes and data products, within scope. To identify data profiles of data assets discovered to determine data sensitivity, quality, context of use and legislated aspects to inform the data assets handling protocols. To implement standards, guidelines, processes, procedures for da...",2026-09-24 06:51:11+00:00,https://www.adzuna.co.za/details/5896296213?utm_medium=api&utm_source=7fc50c9d,2026-09-24,0,,
5895481571,Data Analyst,Core Group,accounting_finance,permanent,,,False,South Africa,Gauteng,Johannesburg,"Sandton, North Johannesburg",-26.06861,28.04833,"Store is looking for a Data / MI Credit Portfolio Analyst to provide reliable, actionable insight into the performance and risk of our consumer credit portfolio. This is not a traditional Business Analyst role where a detailed specification is handed to you. You will be expected to independently source, investigate, interpret and structure consumer credit data across the full credit lifecycle from application and approval through to repayments, arrears and collections. You will play a key role ...",2026-09-23 19:26:40+00:00,https://www.adzuna.co.za/land/ad/5895481571?se=UuTJei648RG_LevdjZ8dqA&utm_medium=api&utm_source=7fc50c9d&v=BBF02647BB6C6DA89484F7B118D8D1B31A632F38,2026-09-23,0,,
5894943708,Data Analyst,Network Contracting,it,contract,1080000.0,1080000.0,False,South Africa,Gauteng,Tshwane,"Centurion, Tshwane",-25.8425,28.18586,"Are you an experienced Data Scientist ready to take ownership of high-impact analytics and drive strategic decisions? This role sits within a highly advanced, data‑led organization operating on a significant scale. The business places data at the centre of strategic decision‑making and continues to invest heavily in analytics, machine learning and AI to drive commercial value. As a Data Scientist III, you will lead complex data science initiatives on a long term project of 12months, partner clo...",2026-09-23 10:17:47+00:00,https://www.adzuna.co.za/details/5894943708?utm_medium=api&utm_source=7fc50c9d,2026-09-23,1,1080000.0,
5893729793,Data Analyst,Clicks Group Limited,it,,,,False,South Africa,Western Cape,,"Western Cape, South Africa",-33.474809,20.131419,"Introduction We are looking to recruit a Data Analyst who has a passion for data to join our Internal Audit department at Clicks Head Office in Cape Town. Reporting to the Internal Audit Data Analytics Manager, you will work within a specialist team that delivers data-driven insights to support internal audits, investigations and continuous auditing across the business. This is a hands-on role that requires strong analytical, technical and problem-solving skills to transform complex data into r...",2026-09-22 10:23:15+00:00,https://www.adzuna.co.za/details/5893729793?utm_medium=api&utm_source=7fc50c9d,2026-09-22,2,,
5893729191,Advanced Excel Expert & Data Analyst Wanted!,Intro Real Estate,admin,,,,False,South Africa,Gauteng,Ekurhuleni,"Boksburg, Ekurhuleni",-26.2125,28.2625,"Introduction Boksburg | Full-Time Position Do spreadsheets excite you? Can you turn raw data into accurate reports, meaningful graphs and easy-to-understand dashboards? Do you know Microsoft Excel like the back of your hand? If formulas, figures, systems and statistics are your strengths, INTRO REAL ESTATE wants to hear from you! ABOUT INTRO REAL ESTATE Established in 1982, INTRO REAL ESTATE is an award-winning residential property agency with more than 40 years of experience. We are proud to b...",2026-09-22 10:22:24+00:00,https://www.adzuna.co.za/details/5893729191?utm_medium=api&utm_source=7fc50c9d,2026-09-22,2,,40.0
5893727876,Data Analyst,Network Contracting Solutions,it,,540000.0,540000.0,False,South Africa,Gauteng,Tshwane,"Centurion, Tshwane",-25.8425,28.18586,"Reference: NCM003455-Glad-1 Are you an experienced Data Scientist ready to take ownership of high-impact analytics and drive strategic decisions? Duties & Responsibilities This role sits within a highly advanced, data‑led organization operating on a significant scale. The business places data at the centre of strategic decision‑making and continues to invest heavily in analytics, machine learning and AI to drive commercial value. As a Data Scientist III, you will lead complex data science initi...",2026-09-22 10:20:20+00:00,https://www.adzuna.co.za/details/5893727876?utm_medium=api&utm_source=7fc50c9d,2026-09-22,2,540000.0,
5893588342,Data Analyst Western Cape,Clicks Group Limited,it,permanent,,,False,South Africa,Western Cape,,"Western Cape, South Africa",-33.474809,20.131419,"We are looking to recruit a Data Analyst who has a passion for data to join our Internal Audit department at Clicks Head Office in Cape Town. Reporting to the Internal Audit Data Analytics Manager, you will work within a specialist team that delivers data-driven insights to support internal audits, investigations and continuous auditing across the business. This is a hands-on role that requires strong analytical, technical and problem-solving skills to transform complex data into reliable audit...",2026-09-22 06:44:05+00:00,https://www.adzuna.co.za/details/5893588342?utm_medium=api&utm_source=7fc50c9d,2026-09-22,2,,
5893588246,Data Analyst Centurion,Network Contracting Solutions,it,contract,,,False,South Africa,Gauteng,Tshwane,"Centurion, Tshwane",-25.8425,28.18586,"Reference: NCM003455-Glad-1 Are you an experienced Data Scientist ready to take ownership of high-impact analytics and drive strategic decisions? This role sits within a highly advanced, data‑led organization operating on a significant scale. The business places data at the centre of strategic decision‑making and continues to invest heavily in analytics, machine learning and AI to drive commercial value. As a Data Scientist III, you will lead complex data science initiatives on a long term proj...",2026-09-22 06:44:04+00:00,https://www.adzuna.co.za/details/5893588246?utm_medium=api&utm_source=7fc50c9d,2026-09-22,2,,
5893588165,Excel Data Analyst Ekurhuleni (East Rand),Intro Real Estate,admin,permanent,,,False,South Africa,Gauteng,Ekurhuleni,"Ekurhuleni, Gauteng",,,"Boksburg | Full-Time Position Do spreadsheets excite you? Can you turn raw data into accurate reports, meaningful graphs and easy-to-understand dashboards? Do you know Microsoft Excel like the back of your hand? If formulas, figures, systems and statistics are your strengths, INTRO REAL ESTATE wants to hear from you! ABOUT INTRO REAL ESTATE Established in 1982, INTRO REAL ESTATE is an award-winning residential property agency with more than 40 years of experience. We are proud to be a trusted m...",2026-09-22 06:44:03+00:00,https://www.adzuna.co.za/details/5893588165?utm_medium=api&utm_source=7fc50c9d,2026-09-22,2,,40.0
5893436941,Data Analyst,,it,,540000.0,540000.0,False,South Africa,Gauteng,Tshwane,"Centurion, Tshwane",-25.8425,28.18586,"This role sits within a highly advanced, dataâled organization operating on a significant scale. The business places data at the centre of strategic decisionâmaking and continues to invest heavily in analytics, machine learning and AI to drive commercial value. As a Data Scientist III, you will lead complex data science initiatives on a long term project of 12months, partner closely with senior stakeholders, and mentor other data scientists while delivering scalable, productionâready anal...",2026-09-22 03:36:31+00:00,https://www.adzuna.co.za/land/ad/5893436941?se=UuTJei648RG_LevdjZ8dqA&utm_medium=api&utm_source=7fc50c9d&v=358DB15BC11D965805D55EA47183E844343DE130,2026-09-22,2,540000.0,
5893010713,Admin - Data Analyst,Direct Access Marketing SA,accounting_finance,permanent,,,False,South Africa,Gauteng,,"Gauteng, South Africa",-26.081943,28.17194,Vacancy for Admin / Data Analyst role for Sales & Distribuition business based on the East Rand (Edenvale). Individulal must have minimum exposure to CAT and proficient with Windows packages ie. Excel and Powerpoint. Role will be suited for a bilingual English / Afrikaans speaking individual also familiar with accounting packages Quickbooks and or SAGE. Matric - CAT must have Experience with Quickbooks / SAGE ideal Customer experince Sales environment,2026-09-21 19:24:49+00:00,https://www.adzuna.co.za/land/ad/5893010713?se=UuTJei648RG_LevdjZ8dqA&utm_medium=api&utm_source=7fc50c9d&v=9245447915DA1567E3DA17BAE805B11C2E73D089,2026-09-21,2,,
5893010645,Data Analyst – Digital Transformation,Praesignis,it,contract,,,False,South Africa,Gauteng,Johannesburg,"Sandton, North Johannesburg",-26.06861,28.04833,"Our client, a leading financial services organisation, is looking for an experienced Data Analyst to support a large-scale digital transformation programme. The successful candidate will support digital initiatives through data analysis, reporting and insight, working with business and technology stakeholders to support informed decision-making and delivery outcomes. Key Responsibilities: Analyse data to support digital and business transformation initiatives. Translate business questions and r...",2026-09-21 19:24:43+00:00,https://www.adzuna.co.za/land/ad/5893010645?se=UuTJei648RG_LevdjZ8dqA&utm_medium=api&utm_source=7fc50c9d&v=D634F21259330E8667604C2E704ABAD1909FA12D,2026-09-21,2,,
5891498653,Marketing & Data Analyst,Jobgether,"pr,_advertising_marketing",,,,False,South Africa,,,South Africa,,,"This position is listed on behalf of a partner company, who manages all applications and next steps. Our partner is looking for a Marketing & Data Analyst based in South Africa. This is a hands-on analytics role responsible for connecting marketing performance, product behavior, and customer retention data. You will own reporting and tracking across acquisition channels and help ensure business decisions are based on accurate, reliable information. The role spans the full customer journey, incl...",2026-09-20 10:18:23+00:00,https://www.adzuna.co.za/details/5891498653?utm_medium=api&utm_source=7fc50c9d,2026-09-20,4,,
5890347553,Data Analyst (iOCO0110),iOCO,it,contract,,,False,South Africa,Western Cape,Cape Town Region,"Cape Town City Centre, Cape Town Region",,,"We are looking for an experienced Data Analyst to join our Data team and support the business by turning data into meaningful insights that enable better decision-making. The successful candidate will be responsible for analysing data from multiple sources, identifying trends and patterns, developing reports and dashboards, and working closely with business and technical stakeholders to understand requirements and deliver accurate, actionable insights. This role will suit someone who is analyti...",2026-09-19 10:44:31+00:00,https://www.adzuna.co.za/details/5890347553?utm_medium=api&utm_source=7fc50c9d,2026-09-19,5,,
5890347537,Business / Data Analyst (iOCO0108),iOCO,it,contract,,,False,South Africa,Gauteng,Johannesburg,"Johannesburg, Gauteng",-26.183117,28.026104,"We are looking for an experienced Business / Data Analyst with strong expertise in data contracts, data lineage and data integration. The successful candidate will work closely with Solution and Data Architects across multiple projects to define and document how data is structured, exchanged and integrated across systems. A key focus of the role will be establishing clear data contracts and documenting end-to-end data flows and lineage to ensure consistency, traceability and alignment across th...",2026-09-19 10:44:31+00:00,https://www.adzuna.co.za/details/5890347537?utm_medium=api&utm_source=7fc50c9d,2026-09-19,5,,
5890330846,Senior Data Analyst,Apropos,it,,,,False,South Africa,Gauteng,Johannesburg,"North Johannesburg, Johannesburg",,,"Introduction We are seeking an experienced Senior Data Analyst to support strategic, regulatory, and business-critical initiatives within the Compliance Technology Data Portfolio. The successful candidate will be responsible for analysing complex data requirements, defining business and data rules, conducting data profiling and impact assessments, supporting governance and data quality initiatives, and ensuring successful delivery of AML and Compliance Data Platform solutions. The role requires...",2026-09-19 10:15:32+00:00,https://www.adzuna.co.za/details/5890330846?utm_medium=api&utm_source=7fc50c9d,2026-09-19,5,,
5890195064,Senior Data Analyst Rosebank,Apropos,it,contract,,,False,South Africa,Gauteng,Johannesburg,"Johannesburg, Gauteng",,,"We are seeking an experienced Senior Data Analyst to support strategic, regulatory, and business-critical initiatives within the Compliance Technology Data Portfolio. The successful candidate will be responsible for analysing complex data requirements, defining business and data rules, conducting data profiling and impact assessments, supporting governance and data quality initiatives, and ensuring successful delivery of AML and Compliance Data Platform solutions. The role requires close collab...",2026-09-19 06:35:58+00:00,https://www.adzuna.co.za/details/5890195064?utm_medium=api&utm_source=7fc50c9d,2026-09-19,5,,
5890042513,Master Data & Pricing Analyst,,accounting_finance,,450000.0,450000.0,False,South Africa,Gauteng,Johannesburg,"Johannesburg, Gauteng",-26.183117,28.026104,"Are you a commercially minded Pricing Analyst who loves working with data, uncovering trends and finding opportunities to improve profitability? An exciting opportunity is available within a well-established and dynamic organisation, where youll play a key role in developing and analysing pricing strategies that support revenue growth and commercial performance. Key Responsibilities: Analyse pricing, sales, margin and product performance data Develop and maintain pricing models, reports and das...",2026-09-19 03:33:53+00:00,https://www.adzuna.co.za/land/ad/5890042513?se=gmzffy648RGqqJ23Mt790Q&utm_medium=api&utm_source=7fc50c9d&v=ED322DF3C9217B9C3D9051EBCDE11E29214FB395,2026-09-19,5,450000.0,
5889903598,Data Analyst,Pepkor Lifestyle,it,permanent,,,False,South Africa,Gauteng,Johannesburg,"Sandton, North Johannesburg",-26.06861,28.04833,"Job Purpose The incumbent will be responsible to interpret data and turn it into information which can offer ways to improve a business, thus affecting business decisions. Required to gather information from various sources and interpret patterns and trends and deliver to end user accurately, timeously and in an understandable format. Minimum qualification and Experience: 3 year related degree (In a quantitative field i.e.: Information Technology, Data, Economics etc.) - non negotiable Post gra...",2026-09-19 02:18:49+00:00,https://www.adzuna.co.za/details/5889903598?utm_medium=api&utm_source=7fc50c9d,2026-09-19,5,,
5889700012,Senior Data Analyst / Lead Data Analyst,American IT Systems,it,,624000.0,728000.0,False,South Africa,,,South Africa,,,"Senior Data Analyst - AML ODS & Compliance Data Platforms Job Purpose The Senior Data Analyst is responsible for providing end-to-end data analysis services across the AML Operational Data Store (AML ODS) and associated Compliance Data Platforms. The role supports strategic initiatives, regulatory programs, data governance, reporting, data quality management, testing, production support, and continuous improvement activities. The incumbent will serve as the primary liaison between business stak...",2026-09-18 20:14:57+00:00,https://www.adzuna.co.za/details/5889700012?utm_medium=api&utm_source=7fc50c9d,2026-09-18,5,676000.0,
5888926087,Platform Architect: Data & Analystics,Coca-Cola Beverages South Africa,it,,,,False,South Africa,Gauteng,Johannesburg,"Bryanston, North Johannesburg",-26.044986,28.022102,"Job Description Coca-Cola Beverages Africa (CCBA) presents an exciting opportunity for a Platform Architect to join the Digital & Technology team at CCBA . The role will report to the relevant Data, Analytics, or Enterprise Architecture leadership function. CCBA is the 8th largest Coca-Cola authorised bottler in the world by revenue, and the largest on the continent. It accounts for over 40% of all Coca-Cola ready-to-drink beverages sold in Africa by volume. With over 14 000 employees in Africa...",2026-09-18 10:16:17+00:00,https://www.adzuna.co.za/details/5888926087?utm_medium=api&utm_source=7fc50c9d,2026-09-18,6,,
5888735736,Platform Architect: Data & Analystics,Coca-Cola Beverages Africa,it,,,,False,South Africa,Gauteng,Johannesburg,"Bryanston, North Johannesburg",-26.044986,28.022102,"Coca-Cola Beverages Africa (CCBA) presents an exciting opportunity for a Platform Architect to join the Digital & Technology team at CCBA . The role will report to the relevant Data, Analytics, or Enterprise Architecture leadership function. CCBA is the 8th largest Coca-Cola authorised bottler in the world by revenue, and the largest on the continent. It accounts for over 40% of all Coca-Cola ready-to-drink beverages sold in Africa by volume. With over 14 000 employees in Africa, CCBA group ser...",2026-09-18 07:07:27+00:00,https://www.adzuna.co.za/details/5888735736?utm_medium=api&utm_source=7fc50c9d,2026-09-18,6,,
5888714234,Master Data Analyst Johannesburg North,Network Finance,accounting_finance,permanent,,,False,South Africa,Gauteng,Johannesburg,"North Johannesburg, Johannesburg",-26.11965,28.045801,"Reference: NFC025205-Aya-1 Turn numbers into smarter business decisions! Are you a commercially minded Pricing Analyst who loves working with data, uncovering trends and finding opportunities to improve profitability? An exciting opportunity is available within a well-established and dynamic organisation, where you'll play a key role in developing and analysing pricing strategies that support revenue growth and commercial performance. Key Responsibilities: Analyse pricing, sales, margin and pro...",2026-09-18 06:29:14+00:00,https://www.adzuna.co.za/details/5888714234?utm_medium=api&utm_source=7fc50c9d,2026-09-18,6,,
5888514884,Data & BI Support Analyst,,it,,,,False,South Africa,Gauteng,Johannesburg,"Johannesburg, Gauteng",-26.183117,28.026104,"Key Responsibilities Data Analysis & Reporting Design, build, and maintain data pipelines from SQL databases, Excel, CSV files, and other data sources. Develop, publish, and continuously improve Power BI dashboards and reports. Create meaningful visualisations and KPI reporting to support business decision-making. Write efficient and accurate SQL queries for data extraction, transformation, validation, and reporting. Business Intelligence Development Perform data modelling, DAX development, and...",2026-09-18 03:28:24+00:00,https://www.adzuna.co.za/land/ad/5888514884?se=hvJigS648RGPOd9YPZETDw&utm_medium=api&utm_source=7fc50c9d&v=C261F3506F3524FCA080C78B9F57F18AF77DE8C5,2026-09-18,6,,
5887336487,"Data Analyst and Reporting Specialist, SSA",Aviagen,accounting_finance,,,,False,South Africa,Gauteng,,"Gauteng, South Africa",-26.081943,28.17194,"Job Description Summary: Support regional data collection, analysis, and reporting across TMEA by producing accurate, timely, and decision-ready information for Technical, Commercial, and Management teams. Maintain reliable datasets, dashboards, recurring reports, and analytical tools under the direction of the TMEA Senior Data Analyst. Support the regional trials network through disciplined trial information input to the system, data collection, validation, monitoring, analysis, and reporting....",2026-09-17 10:12:15+00:00,https://www.adzuna.co.za/details/5887336487?utm_medium=api&utm_source=7fc50c9d,2026-09-17,7,,
5887156966,Data Analyst,Santam Insurance - Head Office,it,,,,False,South Africa,Gauteng,Johannesburg,"Sandton, North Johannesburg",-26.06861,28.04833,"What will you do? We have an exciting opportunity for a Data Analyst within Santam Specialist Solutions based in Illovo Sandton. What will make you successful in this role? To produce reliable business information and actionable insights through the collation, validation and analysis of data, enabling informed underwriting, pricing, claims and portfolio management decisions within the CAHTMAEB business cluster. Key responsibilities: Portfolio Analytics and Underwriting Insights: Produce and ana...",2026-09-17 06:29:15+00:00,https://www.adzuna.co.za/details/5887156966?utm_medium=api&utm_source=7fc50c9d,2026-09-17,7,,
5887156757,Data Analyst Sandton,Santam Insurance - Head Office,it,,,,False,South Africa,Gauteng,Johannesburg,"Sandton, North Johannesburg",-26.06861,28.04833,"What will you do? We have an exciting opportunity for a Data Analyst within Santam Specialist Solutions based in Illovo Sandton. What will make you successful in this role? To produce reliable business information and actionable insights through the collation, validation and analysis of data, enabling informed underwriting, pricing, claims and portfolio management decisions within the CAHTMAEB business cluster. Key responsibilities: Portfolio Analytics and Underwriting Insights: Produce and ana...",2026-09-17 06:29:13+00:00,https://www.adzuna.co.za/details/5887156757?utm_medium=api&utm_source=7fc50c9d,2026-09-17,7,,
5887155919,Data Analyst Stellenbosch,Capitec Bank LTD,it,,,,False,South Africa,Western Cape,Cape Winelands,"Stellenbosch, Cape Winelands",-33.926942,18.855339,"Reference: 44447630 Capitec Bank is a leading South African retail bank that focuses on essential banking services and provides innovative transacting, savings, insurance and unsecured lending products to individuals. Capitec's mission is to make banking simple and transparent to help clients - regardless of their level of income or assets - improve their financial lives through a single solution, called Global One. Why the role exist: At Capitec, we're building a more insights-driven card busi...",2026-09-17 06:29:03+00:00,https://www.adzuna.co.za/details/5887155919?utm_medium=api&utm_source=7fc50c9d,2026-09-17,7,,
5887155561,Data Analyst Sql Stellenbosch,Datafin IT Recruitment,it,permanent,,,False,South Africa,Western Cape,Cape Winelands,"Stellenbosch, Cape Winelands",-33.926942,18.855339,"DataFin was established in 1999. We pride ourselves on the fact that we have established relationships with industry leaders and a vast majority of our business is repeat business. ENVIRONMENT: A highly meticulous & strong technical Senior Data Analyst is wanted by a fast-growing FinTech company where your core role will be to analyse complex data sets, create insightful visualizations, and work closely with stakeholders to develop solutions that support data-driven decision-making. You will be...",2026-09-17 06:28:54+00:00,https://www.adzuna.co.za/details/5887155561?utm_medium=api&utm_source=7fc50c9d,2026-09-17,7,,
5886980414,"Data Analyst | On-site | George, Western Cape",Badger Holdings,it,permanent,,,False,South Africa,Western Cape,Eden,"George, Eden",-33.961367,22.489739,"Data Analyst George, Western Cape | On-site Turn data into decisions that make a difference. There's plenty of data out there. The real value comes from knowing what to do with it. As a Data Analyst in our ARC Data team, you'll help turn complex information into clear, useful insights that people can act on. You'll work closely with our teams in SA, Australia and NZ, creating dashboards, answering important business questions and helping stakeholders understand what the data is really telling t...",2026-09-17 03:35:51+00:00,https://www.adzuna.co.za/details/5886980414?utm_medium=api&utm_source=7fc50c9d,2026-09-17,7,,
5886975282,Data Analyst,,it,,,,False,South Africa,Western Cape,Cape Winelands,"Stellenbosch, Cape Winelands",-33.926942,18.855339,"Key Responsibilities: Data Collection & Management: Collect, cleanse, validate, and organise data from multiple sources, ensuring accuracy and integrity. Maintain and enhance databases, data warehouses, and data systems. Ensure data governance and quality standards are consistently met. Data Analysis: Analyse large and complex financial datasets to identify trends, patterns, anomalies, and opportunities. Perform detailed financial and operational data analysis to support strategic business deci...",2026-09-17 03:28:37+00:00,https://www.adzuna.co.za/land/ad/5886975282?se=UuTJei648RG_LevdjZ8dqA&utm_medium=api&utm_source=7fc50c9d&v=AD24F0A47CE10583358EC9625990D98D9739A9B9,2026-09-17,7,,
5886975061,"Senior Data Analyst (SQL, SAS, Python, BigQuery) (Stellenbosch Hybrid)",,it,,,,False,South Africa,Western Cape,Cape Winelands,"Stellenbosch, Cape Winelands",-33.926942,18.855339,"ENVIRONMENT: A highly meticulous & strong technical Senior Data Analyst is wanted by a fast-growing FinTech company where your core role will be to analyse complex data sets, create insightful visualizations, and work closely with stakeholders to develop solutions that support data-driven decision-making. You will be responsible for extracting insights, identifying trends, and presenting findings to enhance operational efficiency and optimize business processes. Applicants must possess a Master...",2026-09-17 03:28:05+00:00,https://www.adzuna.co.za/land/ad/5886975061?se=KBRIfi648RGgMY43NiMBEQ&utm_medium=api&utm_source=7fc50c9d&v=F596FF008D8171475E36165068A813EF44E1702B,2026-09-17,7,,
5885835311,Data Analyst,Network IT,accounting_finance,,,,False,South Africa,Gauteng,Johannesburg,"North Johannesburg, Johannesburg",-26.11965,28.045801,"Reference: ITE007957-Danni-2 We are seeking an experienced Data Analyst to join a leading financial analytics organisation and play a key role in driving data-informed decision-making across the business. This is an exciting opportunity for a data professional with a strong finance background who enjoys working with large datasets, identifying trends and anomalies, and delivering impactful reporting solutions. Duties & Responsibilities Key Responsibilities: Data Collection & Management: Collect...",2026-09-16 10:15:07+00:00,https://www.adzuna.co.za/details/5885835311?utm_medium=api&utm_source=7fc50c9d,2026-09-16,8,,
5885835305,Data Analyst,Network IT,accounting_finance,,,,False,South Africa,Western Cape,Cape Winelands,"Stellenbosch, Cape Winelands",-33.926942,18.855339,"Reference: ITE007959-Danni-2 We are seeking an experienced Data Analyst to join a leading financial analytics organisation and play a key role in driving data-informed decision-making across the business. This is an exciting opportunity for a data professional with a strong finance background who enjoys working with large datasets, identifying trends and anomalies, and delivering impactful reporting solutions. Duties & Responsibilities Key Responsibilities: Data Collection & Management: Collect...",2026-09-16 10:15:07+00:00,https://www.adzuna.co.za/details/5885835305?utm_medium=api&utm_source=7fc50c9d,2026-09-16,8,,
5885829600,Data Analyst (Degree),Network1,it,,,,False,South Africa,Western Cape,Cape Winelands,"Stellenbosch, Cape Winelands",-33.926942,18.855339,"Seeking a Data Analyst who is eager to apply data science in real-world financial contexts. Build models, automate insights and contribute to data pipelines that support fraud detection, client churn, and portfolio optimisation (inoffice opportunity). Key Responsibilities: Collect, clean, and prepare structured and unstructured financial data, ensuring data quality for BI environments. Support the development, evaluation, and documentation of machine learning and anomaly detection models. Creat...",2026-09-16 10:14:09+00:00,https://www.adzuna.co.za/details/5885829600?utm_medium=api&utm_source=7fc50c9d,2026-09-16,8,,
5885623707,Senior Data Analyst,Sabenza IT Recruitment,it,,,,False,South Africa,Western Cape,Cape Town Region,"Cape Town City Centre, Cape Town Region",,,"The Data Analyst role is responsible for unlocking value from data by making complex information accessible, meaningful and actionable for stakeholders across the organisation. The role transforms data into insights that support strategic decision-making, optimise operations and drive business performance. The successful candidate will work across multiple business areas, partnering with analysts, engineers, data scientists and business stakeholders to understand business needs, translate these...",2026-09-16 06:31:10+00:00,https://www.adzuna.co.za/details/5885623707?utm_medium=api&utm_source=7fc50c9d,2026-09-16,8,,
5885622784,Data Analyst Johannesburg North,Network IT,accounting_finance,permanent,,,False,South Africa,Gauteng,Johannesburg,"North Johannesburg, Johannesburg",-26.11965,28.045801,"Reference: ITE007957-Danni-2 We are seeking an experienced Data Analyst to join a leading financial analytics organisation and play a key role in driving data-informed decision-making across the business. This is an exciting opportunity for a data professional with a strong finance background who enjoys working with large datasets, identifying trends and anomalies, and delivering impactful reporting solutions. Key Responsibilities: Data Collection & Management: Collect, cleanse, validate, and o...",2026-09-16 06:30:59+00:00,https://www.adzuna.co.za/details/5885622784?utm_medium=api&utm_source=7fc50c9d,2026-09-16,8,,
5885146918,Senior Data Analyst,Sabenza IT & Recruitment,it,contract,,,False,South Africa,Western Cape,Cape Town Region,"Cape Town Region, Western Cape",,,"The Data Analyst role is responsible for unlocking value from data by making complex information accessible, meaningful and actionable for stakeholders across the organisation. The role transforms data into insights that support strategic decision-making, optimise operations and drive business performance. The successful candidate will work across multiple business areas, partnering with analysts, engineers, data scientists and business stakeholders to understand business needs, translate these...",2026-09-15 22:59:31+00:00,https://www.adzuna.co.za/details/5885146918?utm_medium=api&utm_source=7fc50c9d,2026-09-15,8,,
5884625101,Data Analyst,wePlace,it,permanent,,,False,South Africa,Western Cape,Cape Town Region,"Cape Town Region, Western Cape",,,"An industry leading Bank has an exciting opportunity available for a Data Analyst to join their team. In this role, you'll work closely with stakeholders across the business to understand their needs, identify opportunities, and use data to solve real problems. Your insights will support how our client designs products, improves processes and measures performance — helping them grow as a truly insights‑driven organisation. If you enjoy working with data that has real‑world impact — and explaini...",2026-09-15 14:19:52+00:00,https://www.adzuna.co.za/details/5884625101?utm_medium=api&utm_source=7fc50c9d,2026-09-15,9,,
5884443183,Data Analyst (Degree),Network IT,it,,,,False,South Africa,Western Cape,Cape Winelands,"Stellenbosch, Cape Winelands",-33.926942,18.855339,"Reference: ITE008056-Mon-1 Seeking a Data Analyst who is eager to apply data science in real-world financial contexts. Build models, automate insights and contribute to data pipelines that support fraud detection, client churn, and portfolio optimisation (inoffice opportunity). Duties & Responsibilities Key Responsibilities: Collect, clean, and prepare structured and unstructured financial data, ensuring data quality for BI environments. Support the development, evaluation, and documentation of...",2026-09-15 10:10:27+00:00,https://www.adzuna.co.za/details/5884443183?utm_medium=api&utm_source=7fc50c9d,2026-09-15,9,,
5884314495,Data Analyst Cape Town,wePlace  Ltd,it,permanent,,,False,South Africa,Western Cape,Cape Town Region,"Cape Town City Centre, Cape Town Region",,,"Reference: JHB000957-AS-1 An industry leading Bank has an exciting opportunity available for a Data Analyst to join their team. In this role, you'll work closely with stakeholders across the business to understand their needs, identify opportunities, and use data to solve real problems. Your insights will support how our client designs products, improves processes and measures performance — helping them grow as a truly insights‑driven organisation. If you enjoy working with data that has real‑w...",2026-09-15 06:27:35+00:00,https://www.adzuna.co.za/details/5884314495?utm_medium=api&utm_source=7fc50c9d,2026-09-15,9,,
5884314319,Data Analyst Cape Winelands: Stellenbosch,Network IT,it,permanent,,,False,South Africa,Western Cape,Cape Winelands,"Stellenbosch, Cape Winelands",-33.926942,18.855339,"Reference: ITE008057-Mon-1 Seeking a Data Scientist Graduate who is eager to apply data science in real-world financial contexts. Build models, automate insights and contribute to data pipelines that support fraud detection, client churn, and portfolio optimisation (in-office opportunity). Key Responsibilities: Collect, clean, and prepare structured and unstructured financial data, ensuring data quality for BI environments. Support the development, evaluation, and documentation of machine learn...",2026-09-15 06:27:33+00:00,https://www.adzuna.co.za/details/5884314319?utm_medium=api&utm_source=7fc50c9d,2026-09-15,9,,
5884147220,Data Analyst (Degree),,it,,,,False,South Africa,Western Cape,Cape Winelands,"Stellenbosch, Cape Winelands",-33.926942,18.855339,"Key Responsibilities: Collect, clean, and prepare structured and unstructured financial data, ensuring data quality for BI environments. Support the development, evaluation, and documentation of machine learning and anomaly detection models. Create Power BI reports and dashboards to communicate insights to stakeholders. Collaborate with crossâfunctional teams to deliver actionable, dataâdriven insights and support automation, reconciliation, and alerting tools. Identify process improvements...",2026-09-15 03:27:44+00:00,https://www.adzuna.co.za/land/ad/5884147220?se=UuTJei648RG_LevdjZ8dqA&utm_medium=api&utm_source=7fc50c9d&v=54FB98448430361292CC86526078B9E9CC8F0BAC,2026-09-15,9,,
5883795025,"Environmental, Sustainability and Governance (ESG) Data Analyst",Sea Harvest Corporation  Ltd,accounting_finance,permanent,,,False,South Africa,Western Cape,Cape Town Region,"Cape Town City Centre, Cape Town Region",,,"Sea Harvest is a proudly South African integrated fishing and food processing company, delivering quality seafood and food products to local and international markets. We are committed to sustainability, innovation and the development of our people. An exciting opportunity exists for a suitably qualified and experienced ESG Data Analyst to join our team. ROLE OVERVIEW: To provide the data infrastructure, analysis and reporting systems that underpin both the Group's external ESG disclosure and i...",2026-09-14 19:14:02+00:00,https://www.adzuna.co.za/land/ad/5883795025?se=UuTJei648RG_LevdjZ8dqA&utm_medium=api&utm_source=7fc50c9d&v=3834C46575FF449B2DEA863D2B36B35968124DA1,2026-09-14,9,,
5883794958,ADVANCED EXCEL EXPERT & DATA ANALYST WANTED!,Intro Real Estate,admin,permanent,192000.0,240000.0,False,South Africa,Gauteng,Ekurhuleni,"Boksburg, Ekurhuleni",-26.218528,28.255764,"Boksburg | Full-Time Position Do spreadsheets excite you? Can you turn raw data into accurate reports, meaningful graphs and easy-to-understand dashboards? Do you know Microsoft Excel like the back of your hand? If formulas, figures, systems and statistics are your strengths, INTRO REAL ESTATE wants to hear from you! ABOUT INTRO REAL ESTATE Established in 1982, INTRO REAL ESTATE is an award-winning residential property agency with more than 40 years of experience. We are proud to be a trusted m...",2026-09-14 19:14:00+00:00,https://www.adzuna.co.za/land/ad/5883794958?se=UuTJei648RG_LevdjZ8dqA&utm_medium=api&utm_source=7fc50c9d&v=DB1291434BEE720F93BD1CD8F3E0D82B15E4F9D5,2026-09-14,9,216000.0,40.0
5882088718,Data Analyst / Analytics Engineer with Full-Stack,,it,,,,False,South Africa,Gauteng,Johannesburg,"Kensington, East Johannesburg",-26.19611,28.09694,"We are looking for a hybrid profile: a strong Data Analyst who also has solid data engineering and software development capabilities. The primary requirement remains data analytics, including the ability to analyse complex datasets, develop data models, build reporting solutions, and translate business requirements into technical solutions. In addition, the resource should be comfortable developing user-facing applications and integrating these applications with data platforms and analytical so...",2026-09-13 03:35:09+00:00,https://www.adzuna.co.za/details/5882088718?utm_medium=api&utm_source=7fc50c9d,2026-09-13,11,,
5882082627,Junior Data Analyst (Contract),,it,contract,,,False,South Africa,Gauteng,Johannesburg,"Johannesburg, Gauteng",-26.183117,28.026104,"About the job Junior Data Analyst (Contract) JUNIOR DATA ANALYST Location: South Africa / Global Delivery Environment Industry: Data Analytics / Enterprise Technology / Managed Services A leading workforce solutions and enterprise delivery organisation is seeking a motivated Junior Data Analyst to support global application management, contractor delivery, and strategic workforce operations within enterprise client environments. This role is ideal for a driven and adaptable junior data professi...",2026-09-13 03:31:33+00:00,https://www.adzuna.co.za/details/5882082627?utm_medium=api&utm_source=7fc50c9d,2026-09-13,11,,
5880433949,Finance Reporting & Data Assurance Analyst,,accounting_finance,,,,False,South Africa,Western Cape,Cape Town Region,"Cape Town City Centre, Cape Town Region",,,"Key responsibilities Work closely with Finance SMEs, the Finance Test Lead, Treasury and Data Engineers. Design, build and maintain Finance reporting outputs. Translate Finance, Treasury and regulatory requirements into clear report specifications, calculations, layouts, data requirements and acceptance criteria. Validate report outputs for completeness, accuracy, timeliness and consistency. Reconcile reports. Investigate report breaks, data-quality exceptions and unexplained variances. Support...",2026-09-12 03:29:53+00:00,https://www.adzuna.co.za/land/ad/5880433949?se=hvJigS648RGPOd9YPZETDw&utm_medium=api&utm_source=7fc50c9d&v=B1D1E77E13E08FD5CF43DCAA227C5F042F146ED3,2026-09-12,12,,
5880004703,Senior Data Analyst – AML / Compliance Data,Praesignis,it,contract,,,False,South Africa,Gauteng,Johannesburg,"Sandton, North Johannesburg",-26.06861,28.04833,"Our client, a leading South African banking group, is looking for an experienced Senior Data Analyst to support a range of data initiatives within its banking environment. The role will focus on data analysis, requirements, data quality, ETL, SQL, data mapping, testing, reconciliation and production data support across enterprise data platforms. The successful candidate will work with business and technical stakeholders to analyse data requirements, investigate data issues, define data and tran...",2026-09-11 19:09:36+00:00,https://www.adzuna.co.za/land/ad/5880004703?se=UuTJei648RG_LevdjZ8dqA&utm_medium=api&utm_source=7fc50c9d&v=7CFA407610468FAA4550E519FF74892D59786FF5,2026-09-11,12,,
5879729768,Project Manager Support & Data Analyst,Careers,it,,,,False,South Africa,Gauteng,Johannesburg,"Johannesburg, Gauteng",-26.183117,28.026104,"At EyeCarePro, we are the leading digital marketing agency dedicated to helping eye care practices grow through innovative, data-driven strategies. Our team leverages advanced SaaS platforms, proprietary systems, and AI-driven tools to deliver measurable results and continuously improve how we serve our clients. This role is responsible for supporting day-to-day platform operations, ensuring data accuracy, assisting with client support, maintaining the support backlog, and helping deliver an ex...",2026-09-11 14:14:11+00:00,https://www.adzuna.co.za/details/5879729768?utm_medium=api&utm_source=7fc50c9d,2026-09-11,13,,
5879649072,Data Analyst / BI Developer,ReWorks Solutions,it,contract,,,False,South Africa,,,South Africa,,,"Job Title: Data Analyst / BI Developer Location: South Africa Job Type: Full-Time, Remote Working Hours: US Hours (9am-5pm EST) Salary: South African Rand (ZAR) We are seeking an experienced Data Analyst / BI Developer to join an established data analytics team supporting multiple healthcare and healthcare-related companies. The primary focus of this position will be maintaining existing reports, SQL processes, data workflows and recurring reporting tasks. The successful candidate will become a...",2026-09-11 13:35:05+00:00,https://www.adzuna.co.za/details/5879649072?utm_medium=api&utm_source=7fc50c9d,2026-09-11,13,,
5879119566,Data Analyst,,it,,,,False,South Africa,Western Cape,Cape Town Region,"Cape Town City Centre, Cape Town Region",,,"PBT Group is looking for an experienced Data Analyst to join our data team and help turn complex data into meaningful insights that support business and strategic decision-making. This role is ideal for a strong Data Analyst with experience working with large datasets, advanced SQL, data visualisation and statistical analysis , preferably within financial services or banking . You'll work closely with business and technical stakeholders to understand requirements, identify opportunities and del...",2026-09-11 03:51:09+00:00,https://www.adzuna.co.za/land/ad/5879119566?se=UuTJei648RG_LevdjZ8dqA&utm_medium=api&utm_source=7fc50c9d&v=E2156EA5F2B1B12A9E7683F47D2ACBDAA45709CE,2026-09-11,13,,
5877582677,BI Data Analyst,Nedbank,it,,,,False,South Africa,Gauteng,Johannesburg,"Johannesburg, Gauteng",-26.183117,28.026104,"Job Classification Requisition ID: 147726 Location: Johannesburg, Gauteng Closing Date: 21 September 2026 Talent Acquisition: Bongiwe Mchunu Job Family Business and Commercial Banking Career Stream Information Technology - Application Development Leadership Pipeline Manage Self: Technical FAIS Affected Job Purpose To ensure the support and maintain the data warehouse in line with the data model; metadata repository and to provide business intelligence analysis through performing strategic and o...",2026-09-09 23:11:16+00:00,https://www.adzuna.co.za/details/5877582677?utm_medium=api&utm_source=7fc50c9d,2026-09-09,14,,
5875391640,Sales Support and Data Analyst,Toyota Insurance Management South Africa,admin,,,,False,South Africa,Gauteng,Johannesburg,"Sandown, Sandton",-26.06861,28.04833,"Introduction We are looking for an energetic, driven and enthusiastic professional with experience in the insurance industry and dealership relationship management to join our team. This dynamic position offers benefits Who We Are: Based in Sandton, Johannesburg Toyota Insurance Management South Africa (TIMSA) is insurance competence center & mobility solutions partner from Toyota for Toyota. We are represented in over 30 countries worldwide and have over 4 million customers. Why Work at Toyota...",2026-09-08 10:09:32+00:00,https://www.adzuna.co.za/details/5875391640?utm_medium=api&utm_source=7fc50c9d,2026-09-08,16,,
5873908480,Business Data Analyst at Datonomy Solutions,Datonomy Solutions,it,,,,False,South Africa,Western Cape,Cape Town Region,"Cape Town City Centre, Cape Town Region",,,"Role Overview We are seeking an experienced Senior Data & Business Analyst to take end-to-end ownership of a large and complex insurance policy data migration programme. The role will be responsible for analysing, mapping, validating and reconciling commercial insurance policy data as it moves from legacy platforms through multiple integration and staging layers into a modern Policy Administration System. This is a highly analytical, delivery-focused role requiring a combination of business ana...",2026-09-07 10:46:50+00:00,https://www.adzuna.co.za/details/5873908480?utm_medium=api&utm_source=7fc50c9d,2026-09-07,17,,
5873567691,Junior Data Analyst,,it,,,,False,South Africa,Gauteng,Johannesburg,"Kensington, East Johannesburg",-26.19611,28.09694,"Our reputable QSR / Restaurant client is currently seeking a detail-oriented and analytical Junior Data Analyst to join their team.The successful candidate will be responsible for collecting, processing, cleaning, and analyzing business and operational data to support informed decision-making. The role will involve working with data from various sources, including MICROS POS, maintaining databases, identifying trends and patterns, streamlining data collection processes, and preparing accurate a...",2026-09-07 03:31:57+00:00,https://www.adzuna.co.za/details/5873567691?utm_medium=api&utm_source=7fc50c9d,2026-09-07,17,,
5873054901,DATA ANALYST,Bright Placements,it,permanent,,,False,South Africa,Gauteng,Tshwane,"Pretoria, Tshwane",-25.725,28.18472,"Seeking an experienced Data Analyst to take ownership of data integrity and flow across operational systems — monitoring, validating and coordinating data movement to ensure continuity, prevent loss, and proactively manage risk within defined operational parameters. KEY DUTIES & RESPONSIBILITIES Monitor end-to-end data flow across operational systems for continuity and accuracy Analyse and manage workflow reports to track operational performance and data movement Report to management on data st...",2026-09-06 14:03:47+00:00,https://www.adzuna.co.za/details/5873054901?utm_medium=api&utm_source=7fc50c9d,2026-09-06,18,,
5872880466,Junior Data Analyst,Finance Corporate,accounting_finance,,,,False,South Africa,Gauteng,Johannesburg,"North Johannesburg, Johannesburg",-26.11965,28.045801,"Reference: ITE008023-Danni-1 Our client, specializing in financial analytics, is seeking a Junior Data Analyst to join their dynamic team and contribute to their mission of providing actionable insights in the finance industry. Duties & Responsibilities Key Responsibilities: Data Collection & Management: Collect, clean, and organize data from various sources, ensuring accuracy and integrity. Maintain and update databases and systems. Data Analysis: Analyze large datasets to identify anomalies a...",2026-09-06 10:11:16+00:00,https://www.adzuna.co.za/details/5872880466?utm_medium=api&utm_source=7fc50c9d,2026-09-06,18,,
5872725893,Junior Data Analyst Cape Winelands: Stellenbosch,Network Recruitment - Finance Corporate,accounting_finance,permanent,,,False,South Africa,Western Cape,Cape Winelands,"Stellenbosch, Cape Winelands",-33.926942,18.855339,"Reference: ITE008024-Danni-1 Our client, specializing in financial analytics, is seeking a Junior Data Analyst to join their dynamic team and contribute to their mission of providing actionable insights in the finance industry. Key Responsibilities: Data Collection & Management: Collect, clean, and organize data from various sources, ensuring accuracy and integrity. Maintain and update databases and systems. Data Analysis: Analyze large datasets to identify anomalies and trends. Reporting & Vis...",2026-09-06 06:22:28+00:00,https://www.adzuna.co.za/details/5872725893?utm_medium=api&utm_source=7fc50c9d,2026-09-06,18,,
5871715602,Data Automation/Data Analyst,Worknet Staffing,it,,,,False,South Africa,KwaZulu-Natal,eThekwini,"Durban, eThekwini",-29.85417,31.05,"We are looking for a data Automation Engineer or Data Analyst to train. The role is perfect for someone that is data driven, detail orientated, and passionate about automation. You will play a key role in streamlining data workflows, building insightful reports, and driving efficiency across the business. This is a remote position working Australian hours (Pert Hours). I successful candidate will be working 01h00 - 09h00.! Design, develop, and maintain data automation workflows, preferably usin...",2026-09-05 10:50:25+00:00,https://www.adzuna.co.za/details/5871715602?utm_medium=api&utm_source=7fc50c9d,2026-09-05,19,,
5871253723,Data Operations & Integrity Analyst,,it,,,,False,South Africa,KwaZulu-Natal,eThekwini,"Durban, eThekwini",-29.85417,31.05,"Role Summary: Responsible for managing product catalogue governance, improving data quality, and driving operational excellence within Data Operations. Focuses on standards, data integrity, performance measurement, and continuous improvement. Key Responsibilities: 1. Catalogue Governance & Taxonomy Maintain product data standards, naming conventions, and taxonomy structures Ensure scalability, consistency, and alignment with business needs Review and approve changes to protect data integrity 2....",2026-09-05 03:26:02+00:00,https://www.adzuna.co.za/land/ad/5871253723?se=hvJigS648RGPOd9YPZETDw&utm_medium=api&utm_source=7fc50c9d&v=CDBBDB8F88D0A7BD12CCC6A0DA29A5AC30E59182,2026-09-05,19,,
5871253656,Data Analyst,,it,,,,False,South Africa,Gauteng,Johannesburg,"Johannesburg, Gauteng",-26.183117,28.026104,"Our client is a forward-thinking organisation that leverages data and technology to support business growth and innovation. They are seeking a skilled Data Analyst who can analyse complex datasets, identify trends, and provide valuable insights that influence business decisions. In this role, you'll work closely with stakeholders across the business, develop insightful reports and dashboards, and help drive a data-first culture. What's in It for You? Hybrid working environment Exposure to large...",2026-09-05 03:25:30+00:00,https://www.adzuna.co.za/land/ad/5871253656?se=UuTJei648RG_LevdjZ8dqA&utm_medium=api&utm_source=7fc50c9d&v=275443F228CF8D58B14F7386E9B5BC3B109275B6,2026-09-05,19,,
5871253586,Data Analyst / Analytics Engineer with Full-Stack Development Experience,,it,,,,False,South Africa,Gauteng,Johannesburg,"Johannesburg, Gauteng",-26.183117,28.026104,"We are looking for a hybrid profile: a strong Data Analyst who also has solid data engineering and software development capabilities. The primary requirement remains data analytics, including the ability to analyse complex datasets, develop data models, build reporting solutions, and translate business requirements into technical solutions. In addition, the resource should be comfortable developing user-facing applications and integrating these applications with data platforms and analytical so...",2026-09-05 03:25:29+00:00,https://www.adzuna.co.za/land/ad/5871253586?se=KBRIfi648RGgMY43NiMBEQ&utm_medium=api&utm_source=7fc50c9d&v=9BD84C5F3C2E831A5326A5567606ED14E1CDD627,2026-09-05,19,,
5870971672,Senior Analytics Engineer – 10 Yrs - Remote,OfferZen,it,,,,False,South Africa,,,South Africa,,,"Senior Analytics Engineer – 10 Yrs - Remote Are you a talented senior analytics engineer looking for your next remote developer job in South Africa? OfferZen, the developer jobs marketplace, reverses the job search process. We connect developers with a vast network of top tech companies that are eager to apply to interview you! This could be the last job posting you ever have to click on! Why waste time applying to 100 different companies when you could build one OfferZen profile and have them ...",2026-09-04 21:46:56+00:00,https://www.adzuna.co.za/land/ad/5870971672?se=UuTJei648RG_LevdjZ8dqA&utm_medium=api&utm_source=7fc50c9d&v=199FB5538698397ADF63DF6AC34632831ADDFD6A,2026-09-04,19,,10.0
5870971671,Senior Analytics Engineer - Remote,OfferZen,it,,,,False,South Africa,,,South Africa,,,"Senior Analytics Engineer - Remote Are you a talented senior analytics engineer looking for your next remote developer job in South Africa? OfferZen, the developer jobs marketplace, reverses the job search process. We connect developers with a vast network of top tech companies that are eager to apply to interview you! This could be the last job posting you ever have to click on! Why waste time applying to 100 different companies when you could build one OfferZen profile and have them come to y...",2026-09-04 21:46:56+00:00,https://www.adzuna.co.za/land/ad/5870971671?se=UuTJei648RG_LevdjZ8dqA&utm_medium=api&utm_source=7fc50c9d&v=E674DA3880A278700581C107B57CA1FA25D1A020,2026-09-04,19,,
5870971679,Senior Data Scientist - Remote,OfferZen,it,,,,False,South Africa,,,South Africa,,,"Senior Data Scientist - Remote Are you a talented data scientist looking for your next remote developer job in South Africa? OfferZen, the developer jobs marketplace, reverses the job search process. We connect developers with a vast network of top tech companies that are eager to apply to interview you! This could be the last job posting you ever have to click on! Why waste time applying to 100 different companies when you could build one OfferZen profile and have them come to you? You'll also...",2026-09-04 21:46:56+00:00,https://www.adzuna.co.za/land/ad/5870971679?se=gmzffy648RGqqJ23Mt790Q&utm_medium=api&utm_source=7fc50c9d&v=FC1EDEBC8DCEA6710BDEF1A651D11859715DEEC7,2026-09-04,19,,
5870971643,Senior Data Scientist – 10 Yrs - Remote,OfferZen,it,,,,False,South Africa,,,South Africa,,,"Senior Data Scientist – 10 Yrs - Remote Are you a talented data scientist looking for your next remote developer job in South Africa? OfferZen, the developer jobs marketplace, reverses the job search process. We connect developers with a vast network of top tech companies that are eager to apply to interview you! This could be the last job posting you ever have to click on! Why waste time applying to 100 different companies when you could build one OfferZen profile and have them come to you? Yo...",2026-09-04 21:46:55+00:00,https://www.adzuna.co.za/land/ad/5870971643?se=hvJigS648RGPOd9YPZETDw&utm_medium=api&utm_source=7fc50c9d&v=F0CD14329B27B0642DD869157C45519DD1AF2982,2026-09-04,19,,10.0
5870971657,Data Scientist - Remote,OfferZen,it,,,,False,South Africa,,,South Africa,,,"Data Scientist - Remote Are you a talented data scientist looking for your next remote developer job in South Africa? OfferZen, the developer jobs marketplace, reverses the job search process. We connect developers with a vast network of top tech companies that are eager to apply to interview you! This could be the last job posting you ever have to click on! Why waste time applying to 100 different companies when you could build one OfferZen profile and have them come to you? You'll also receiv...",2026-09-04 21:46:55+00:00,https://www.adzuna.co.za/land/ad/5870971657?se=gmzffy648RGqqJ23Mt790Q&utm_medium=api&utm_source=7fc50c9d&v=51ACEF38BC8A6C25E13DF15C2304F33E45DFF40D,2026-09-04,19,,
5870971635,Senior Data Engineer – 10 Yrs - Remote,OfferZen,it,,,,False,South Africa,,,South Africa,,,"Senior Data Engineer – 10 Yrs - Remote Are you a talented senior data engineer looking for your next remote developer job in South Africa? OfferZen, the developer jobs marketplace, reverses the job search process. We connect developers with a vast network of top tech companies that are eager to apply to interview you! This could be the last job posting you ever have to click on! Why waste time applying to 100 different companies when you could build one OfferZen profile and have them come to yo...",2026-09-04 21:46:55+00:00,https://www.adzuna.co.za/land/ad/5870971635?se=UuTJei648RG_LevdjZ8dqA&utm_medium=api&utm_source=7fc50c9d&v=C38F8761885656E1F491282B957FDCADAE088842,2026-09-04,19,,10.0
5870971654,Intermediate Data Engineer - Remote,OfferZen,it,,,,False,South Africa,,,South Africa,,,"Intermediate Data Engineer - Remote Are you a talented intermediate data engineer looking for your next remote developer job in South Africa? OfferZen, the developer jobs marketplace, reverses the job search process. We connect developers with a vast network of top tech companies that are eager to apply to interview you! This could be the last job posting you ever have to click on! Why waste time applying to 100 different companies when you could build one OfferZen profile and have them come to...",2026-09-04 21:46:55+00:00,https://www.adzuna.co.za/land/ad/5870971654?se=UuTJei648RG_LevdjZ8dqA&utm_medium=api&utm_source=7fc50c9d&v=24660B14ED12294DF7261473A05C78759880EEBD,2026-09-04,19,,
5870971651,Senior Data Engineer - Remote,OfferZen,it,,,,False,South Africa,,,South Africa,,,"Senior Data Engineer - Remote Are you a talented senior data engineer looking for your next remote developer job in South Africa? OfferZen, the developer jobs marketplace, reverses the job search process. We connect developers with a vast network of top tech companies that are eager to apply to interview you! This could be the last job posting you ever have to click on! Why waste time applying to 100 different companies when you could build one OfferZen profile and have them come to you? You'll...",2026-09-04 21:46:55+00:00,https://www.adzuna.co.za/land/ad/5870971651?se=UuTJei648RG_LevdjZ8dqA&utm_medium=api&utm_source=7fc50c9d&v=5B28551FE899FDA520B3F59D5D84B61FB1942D8B,2026-09-04,19,,
5870971541,Data Scientist - Johannesburg (In office),OfferZen,it,,,,False,South Africa,Gauteng,Johannesburg,"Johannesburg, Gauteng",-26.183117,28.026104,"Data Scientist - Johannesburg (In office) Are you a talented data scientist looking for your next developer job in Johannesburg? OfferZen, the developer jobs marketplace, reverses the job search process. We connect developers with a vast network of top tech companies that are eager to apply to interview you! This could be the last job posting you ever have to click on! Why waste time applying to 100 different companies when you could build one OfferZen profile and have them come to you? You'll ...",2026-09-04 21:46:54+00:00,https://www.adzuna.co.za/land/ad/5870971541?se=hvJigS648RGPOd9YPZETDw&utm_medium=api&utm_source=7fc50c9d&v=DD87D4E2E42CB281B7AA611D2A98DCAB3E2B58AD,2026-09-04,19,,
5870971540,Senior Data Scientist - Johannesburg (Hybrid),OfferZen,it,,,,False,South Africa,Gauteng,Johannesburg,"Johannesburg, Gauteng",-26.183117,28.026104,"Senior Data Scientist - Johannesburg (Hybrid) Are you a talented data scientist looking for your next developer job in Johannesburg? OfferZen, the developer jobs marketplace, reverses the job search process. We connect developers with a vast network of top tech companies that are eager to apply to interview you! This could be the last job posting you ever have to click on! Why waste time applying to 100 different companies when you could build one OfferZen profile and have them come to you? You...",2026-09-04 21:46:54+00:00,https://www.adzuna.co.za/land/ad/5870971540?se=hvJigS648RGPOd9YPZETDw&utm_medium=api&utm_source=7fc50c9d&v=2B1D5C667706136D299BDF9B4AA8C368B819A483,2026-09-04,19,,
5870971544,Data Scientist - Johannesburg (Hybrid),OfferZen,it,,,,False,South Africa,Gauteng,Johannesburg,"Johannesburg, Gauteng",-26.183117,28.026104,"Data Scientist - Johannesburg (Hybrid) Are you a talented data scientist looking for your next developer job in Johannesburg? OfferZen, the developer jobs marketplace, reverses the job search process. We connect developers with a vast network of top tech companies that are eager to apply to interview you! This could be the last job posting you ever have to click on! Why waste time applying to 100 different companies when you could build one OfferZen profile and have them come to you? You'll als...",2026-09-04 21:46:54+00:00,https://www.adzuna.co.za/land/ad/5870971544?se=hvJigS648RGPOd9YPZETDw&utm_medium=api&utm_source=7fc50c9d&v=FC8A2F7313A778FC47393D266931B90D197690F3,2026-09-04,19,,
5870971527,Senior Data Engineer - Johannesburg (Hybrid),OfferZen,it,,,,False,South Africa,Gauteng,Johannesburg,"Johannesburg, Gauteng",-26.183117,28.026104,"Senior Data Engineer - Johannesburg (Hybrid) Are you a talented senior data engineer looking for your next developer job in Johannesburg? OfferZen, the developer jobs marketplace, reverses the job search process. We connect developers with a vast network of top tech companies that are eager to apply to interview you! This could be the last job posting you ever have to click on! Why waste time applying to 100 different companies when you could build one OfferZen profile and have them come to you...",2026-09-04 21:46:54+00:00,https://www.adzuna.co.za/land/ad/5870971527?se=UuTJei648RG_LevdjZ8dqA&utm_medium=api&utm_source=7fc50c9d&v=EA8572726BC50886C48E3515EA32B29A63418727,2026-09-04,19,,
5870971535,Senior Data Scientist - Johannesburg (In office),OfferZen,it,,,,False,South Africa,Gauteng,Johannesburg,"Johannesburg, Gauteng",-26.183117,28.026104,"Senior Data Scientist - Johannesburg (In office) Are you a talented data scientist looking for your next developer job in Johannesburg? OfferZen, the developer jobs marketplace, reverses the job search process. We connect developers with a vast network of top tech companies that are eager to apply to interview you! This could be the last job posting you ever have to click on! Why waste time applying to 100 different companies when you could build one OfferZen profile and have them come to you? ...",2026-09-04 21:46:54+00:00,https://www.adzuna.co.za/land/ad/5870971535?se=hvJigS648RGPOd9YPZETDw&utm_medium=api&utm_source=7fc50c9d&v=D993EED5DF5281ED9A1017D0CAC78A7E9709722B,2026-09-04,19,,
5870971520,Senior Data Scientist – 10 Yrs - Johannesburg (In office),OfferZen,it,,,,False,South Africa,Gauteng,Johannesburg,"Johannesburg, Gauteng",-26.183117,28.026104,"Senior Data Scientist – 10 Yrs - Johannesburg (In office) Are you a talented data scientist looking for your next developer job in Johannesburg? OfferZen, the developer jobs marketplace, reverses the job search process. We connect developers with a vast network of top tech companies that are eager to apply to interview you! This could be the last job posting you ever have to click on! Why waste time applying to 100 different companies when you could build one OfferZen profile and have them come...",2026-09-04 21:46:53+00:00,https://www.adzuna.co.za/land/ad/5870971520?se=hvJigS648RGPOd9YPZETDw&utm_medium=api&utm_source=7fc50c9d&v=726ACF5B9B36E34E829065A4F0F1E7E5D2A4658F,2026-09-04,19,,10.0
5870971504,Senior Data Scientist – 10 Yrs - Johannesburg (Hybrid),OfferZen,it,,,,False,South Africa,Gauteng,Johannesburg,"Johannesburg, Gauteng",-26.183117,28.026104,"Senior Data Scientist – 10 Yrs - Johannesburg (Hybrid) Are you a talented data scientist looking for your next developer job in Johannesburg? OfferZen, the developer jobs marketplace, reverses the job search process. We connect developers with a vast network of top tech companies that are eager to apply to interview you! This could be the last job posting you ever have to click on! Why waste time applying to 100 different companies when you could build one OfferZen profile and have them come to...",2026-09-04 21:46:53+00:00,https://www.adzuna.co.za/land/ad/5870971504?se=hvJigS648RGPOd9YPZETDw&utm_medium=api&utm_source=7fc50c9d&v=35C8EF7DBDAED6ED597035053CC4FE2F61418677,2026-09-04,19,,10.0
5870971514,Senior Data Engineer – 10 Yrs - Johannesburg (Hybrid),OfferZen,it,,,,False,South Africa,Gauteng,Johannesburg,"Johannesburg, Gauteng",-26.183117,28.026104,"Senior Data Engineer – 10 Yrs - Johannesburg (Hybrid) Are you a talented senior data engineer looking for your next developer job in Johannesburg? OfferZen, the developer jobs marketplace, reverses the job search process. We connect developers with a vast network of top tech companies that are eager to apply to interview you! This could be the last job posting you ever have to click on! Why waste time applying to 100 different companies when you could build one OfferZen profile and have them co...",2026-09-04 21:46:53+00:00,https://www.adzuna.co.za/land/ad/5870971514?se=UuTJei648RG_LevdjZ8dqA&utm_medium=api&utm_source=7fc50c9d&v=25BA3F7148432E1DADB6019BAE48F63FC7AFA483,2026-09-04,19,,10.0
5870971517,Senior Data Engineer - Johannesburg (In office),OfferZen,it,,,,False,South Africa,Gauteng,Johannesburg,"Johannesburg, Gauteng",-26.183117,28.026104,"Senior Data Engineer - Johannesburg (In office) Are you a talented senior data engineer looking for your next developer job in Johannesburg? OfferZen, the developer jobs marketplace, reverses the job search process. We connect developers with a vast network of top tech companies that are eager to apply to interview you! This could be the last job posting you ever have to click on! Why waste time applying to 100 different companies when you could build one OfferZen profile and have them come to ...",2026-09-04 21:46:53+00:00,https://www.adzuna.co.za/land/ad/5870971517?se=UuTJei648RG_LevdjZ8dqA&utm_medium=api&utm_source=7fc50c9d&v=6353C2E387597284E679876261C63E4E9AFC2F30,2026-09-04,19,,
5870971449,Intermediate Data Engineer - Johannesburg (In office),OfferZen,it,,,,False,South Africa,Gauteng,Johannesburg,"Johannesburg, Gauteng",-26.183117,28.026104,"Intermediate Data Engineer - Johannesburg (In office) Are you a talented intermediate data engineer looking for your next developer job in Johannesburg? OfferZen, the developer jobs marketplace, reverses the job search process. We connect developers with a vast network of top tech companies that are eager to apply to interview you! This could be the last job posting you ever have to click on! Why waste time applying to 100 different companies when you could build one OfferZen profile and have t...",2026-09-04 21:46:53+00:00,https://www.adzuna.co.za/land/ad/5870971449?se=UuTJei648RG_LevdjZ8dqA&utm_medium=api&utm_source=7fc50c9d&v=6B2D1C9DD4832010EC5FA1FB0A23D2ACD588D3FB,2026-09-04,19,,
5870971513,Intermediate Data Engineer - Johannesburg (Hybrid),OfferZen,it,,,,False,South Africa,Gauteng,Johannesburg,"Johannesburg, Gauteng",-26.183117,28.026104,"Intermediate Data Engineer - Johannesburg (Hybrid) Are you a talented intermediate data engineer looking for your next developer job in Johannesburg? OfferZen, the developer jobs marketplace, reverses the job search process. We connect developers with a vast network of top tech companies that are eager to apply to interview you! This could be the last job posting you ever have to click on! Why waste time applying to 100 different companies when you could build one OfferZen profile and have them...",2026-09-04 21:46:53+00:00,https://www.adzuna.co.za/land/ad/5870971513?se=UuTJei648RG_LevdjZ8dqA&utm_medium=api&utm_source=7fc50c9d&v=4F2439DB241BF434D8933AB05C0D798C2220E50B,2026-09-04,19,,
5870971482,Senior Data Engineer – 10 Yrs - Johannesburg (In office),OfferZen,it,,,,False,South Africa,Gauteng,Johannesburg,"Johannesburg, Gauteng",-26.183117,28.026104,"Senior Data Engineer – 10 Yrs - Johannesburg (In office) Are you a talented senior data engineer looking for your next developer job in Johannesburg? OfferZen, the developer jobs marketplace, reverses the job search process. We connect developers with a vast network of top tech companies that are eager to apply to interview you! This could be the last job posting you ever have to click on! Why waste time applying to 100 different companies when you could build one OfferZen profile and have them...",2026-09-04 21:46:53+00:00,https://www.adzuna.co.za/land/ad/5870971482?se=UuTJei648RG_LevdjZ8dqA&utm_medium=api&utm_source=7fc50c9d&v=C0786466942479DC64986AEF951E8A7780F759A3,2026-09-04,19,,10.0
5870971257,Senior Analytics Engineer - Cape Town (Hybrid),OfferZen,it,,,,False,South Africa,Western Cape,Cape Town Region,"Cape Town City Centre, Cape Town Region",,,"Senior Analytics Engineer - Cape Town (Hybrid) Are you a talented senior analytics engineer looking for your next developer job in Cape Town? OfferZen, the developer jobs marketplace, reverses the job search process. We connect developers with a vast network of top tech companies that are eager to apply to interview you! This could be the last job posting you ever have to click on! Why waste time applying to 100 different companies when you could build one OfferZen profile and have them come to...",2026-09-04 21:46:51+00:00,https://www.adzuna.co.za/land/ad/5870971257?se=UuTJei648RG_LevdjZ8dqA&utm_medium=api&utm_source=7fc50c9d&v=158EA7DF3BA1FB37573C6EE0644AD60D76A9DB2C,2026-09-04,19,,
5870971248,Senior Data Scientist - Cape Town (Hybrid),OfferZen,it,,,,False,South Africa,Western Cape,Cape Town Region,"Cape Town City Centre, Cape Town Region",,,"Senior Data Scientist - Cape Town (Hybrid) Are you a talented data scientist looking for your next developer job in Cape Town? OfferZen, the developer jobs marketplace, reverses the job search process. We connect developers with a vast network of top tech companies that are eager to apply to interview you! This could be the last job posting you ever have to click on! Why waste time applying to 100 different companies when you could build one OfferZen profile and have them come to you? You'll al...",2026-09-04 21:46:50+00:00,https://www.adzuna.co.za/land/ad/5870971248?se=hvJigS648RGPOd9YPZETDw&utm_medium=api&utm_source=7fc50c9d&v=DE711ABAC6C1AFE5AF3092FDE0630E453627CAFC,2026-09-04,19,,
5870971240,Senior Data Scientist – 10 Yrs - Cape Town (Hybrid),OfferZen,it,,,,False,South Africa,Western Cape,Cape Town Region,"Cape Town City Centre, Cape Town Region",,,"Senior Data Scientist – 10 Yrs - Cape Town (Hybrid) Are you a talented data scientist looking for your next developer job in Cape Town? OfferZen, the developer jobs marketplace, reverses the job search process. We connect developers with a vast network of top tech companies that are eager to apply to interview you! This could be the last job posting you ever have to click on! Why waste time applying to 100 different companies when you could build one OfferZen profile and have them come to you? ...",2026-09-04 21:46:50+00:00,https://www.adzuna.co.za/land/ad/5870971240?se=hvJigS648RGPOd9YPZETDw&utm_medium=api&utm_source=7fc50c9d&v=414ABF341F5030CE7D7F846A2AF151DD36E5CE86,2026-09-04,19,,10.0
5870971250,Senior Analytics Engineer – 10 Yrs - Cape Town (Hybrid),OfferZen,it,,,,False,South Africa,Western Cape,Cape Town Region,"Cape Town City Centre, Cape Town Region",,,"Senior Analytics Engineer – 10 Yrs - Cape Town (Hybrid) Are you a talented senior analytics engineer looking for your next developer job in Cape Town? OfferZen, the developer jobs marketplace, reverses the job search process. We connect developers with a vast network of top tech companies that are eager to apply to interview you! This could be the last job posting you ever have to click on! Why waste time applying to 100 different companies when you could build one OfferZen profile and have the...",2026-09-04 21:46:50+00:00,https://www.adzuna.co.za/land/ad/5870971250?se=UuTJei648RG_LevdjZ8dqA&utm_medium=api&utm_source=7fc50c9d&v=6C9CE9D8FCFCF1FA65EC79B50878657409CC779C,2026-09-04,19,,10.0
5870971241,Data Scientist - Cape Town (In office),OfferZen,it,,,,False,South Africa,Western Cape,Cape Town Region,"Cape Town City Centre, Cape Town Region",,,"Data Scientist - Cape Town (In office) Are you a talented data scientist looking for your next developer job in Cape Town? OfferZen, the developer jobs marketplace, reverses the job search process. We connect developers with a vast network of top tech companies that are eager to apply to interview you! This could be the last job posting you ever have to click on! Why waste time applying to 100 different companies when you could build one OfferZen profile and have them come to you? You'll also r...",2026-09-04 21:46:50+00:00,https://www.adzuna.co.za/land/ad/5870971241?se=hvJigS648RGPOd9YPZETDw&utm_medium=api&utm_source=7fc50c9d&v=97E2B8E45C5E53B2EEEAF59F62FEC1BE69733EF7,2026-09-04,19,,
5870971200,Data Scientist - Cape Town (Hybrid),OfferZen,it,,,,False,South Africa,Western Cape,Cape Town Region,"Cape Town City Centre, Cape Town Region",,,"Data Scientist - Cape Town (Hybrid) Are you a talented data scientist looking for your next developer job in Cape Town? OfferZen, the developer jobs marketplace, reverses the job search process. We connect developers with a vast network of top tech companies that are eager to apply to interview you! This could be the last job posting you ever have to click on! Why waste time applying to 100 different companies when you could build one OfferZen profile and have them come to you? You'll also rece...",2026-09-04 21:46:50+00:00,https://www.adzuna.co.za/land/ad/5870971200?se=hvJigS648RGPOd9YPZETDw&utm_medium=api&utm_source=7fc50c9d&v=0C305312A0851D927748D38278E68E4D96BFC1A5,2026-09-04,19,,
5870971201,Senior Data Engineer – 10 Yrs - Cape Town (In office),OfferZen,it,,,,False,South Africa,Western Cape,Cape Town Region,"Cape Town City Centre, Cape Town Region",,,"Senior Data Engineer – 10 Yrs - Cape Town (In office) Are you a talented senior data engineer looking for your next developer job in Cape Town? OfferZen, the developer jobs marketplace, reverses the job search process. We connect developers with a vast network of top tech companies that are eager to apply to interview you! This could be the last job posting you ever have to click on! Why waste time applying to 100 different companies when you could build one OfferZen profile and have them come ...",2026-09-04 21:46:50+00:00,https://www.adzuna.co.za/land/ad/5870971201?se=UuTJei648RG_LevdjZ8dqA&utm_medium=api&utm_source=7fc50c9d&v=440B4E5141986ED4F8B24630E9B3CB5AA4DEA455,2026-09-04,19,,10.0
5870971217,Intermediate Data Engineer - Cape Town (In office),OfferZen,it,,,,False,South Africa,Western Cape,Cape Town Region,"Cape Town City Centre, Cape Town Region",,,"Intermediate Data Engineer - Cape Town (In office) Are you a talented intermediate data engineer looking for your next developer job in Cape Town? OfferZen, the developer jobs marketplace, reverses the job search process. We connect developers with a vast network of top tech companies that are eager to apply to interview you! This could be the last job posting you ever have to click on! Why waste time applying to 100 different companies when you could build one OfferZen profile and have them co...",2026-09-04 21:46:50+00:00,https://www.adzuna.co.za/land/ad/5870971217?se=UuTJei648RG_LevdjZ8dqA&utm_medium=api&utm_source=7fc50c9d&v=210A37130C0F4F9744E2B26AEEDFCD6ADB5FA653,2026-09-04,19,,
5870971203,Senior Data Engineer - Cape Town (In office),OfferZen,it,,,,False,South Africa,Western Cape,Cape Town Region,"Cape Town City Centre, Cape Town Region",,,"Senior Data Engineer - Cape Town (In office) Are you a talented senior data engineer looking for your next developer job in Cape Town? OfferZen, the developer jobs marketplace, reverses the job search process. We connect developers with a vast network of top tech companies that are eager to apply to interview you! This could be the last job posting you ever have to click on! Why waste time applying to 100 different companies when you could build one OfferZen profile and have them come to you? Y...",2026-09-04 21:46:50+00:00,https://www.adzuna.co.za/land/ad/5870971203?se=UuTJei648RG_LevdjZ8dqA&utm_medium=api&utm_source=7fc50c9d&v=B42BA511A6CDCDDB74820EF5328B4A1631FF33FD,2026-09-04,19,,
5870971247,Senior Data Engineer - Cape Town (Hybrid),OfferZen,it,,,,False,South Africa,Western Cape,Cape Town Region,"Cape Town City Centre, Cape Town Region",,,"Senior Data Engineer - Cape Town (Hybrid) Are you a talented senior data engineer looking for your next developer job in Cape Town? OfferZen, the developer jobs marketplace, reverses the job search process. We connect developers with a vast network of top tech companies that are eager to apply to interview you! This could be the last job posting you ever have to click on! Why waste time applying to 100 different companies when you could build one OfferZen profile and have them come to you? You'...",2026-09-04 21:46:50+00:00,https://www.adzuna.co.za/land/ad/5870971247?se=UuTJei648RG_LevdjZ8dqA&utm_medium=api&utm_source=7fc50c9d&v=D88BC835AB8624AAC9959F349D70657A1E59D126,2026-09-04,19,,
5870971216,Senior Data Engineer – 10 Yrs - Cape Town (Hybrid),OfferZen,it,,,,False,South Africa,Western Cape,Cape Town Region,"Cape Town City Centre, Cape Town Region",,,"Senior Data Engineer – 10 Yrs - Cape Town (Hybrid) Are you a talented senior data engineer looking for your next developer job in Cape Town? OfferZen, the developer jobs marketplace, reverses the job search process. We connect developers with a vast network of top tech companies that are eager to apply to interview you! This could be the last job posting you ever have to click on! Why waste time applying to 100 different companies when you could build one OfferZen profile and have them come to ...",2026-09-04 21:46:50+00:00,https://www.adzuna.co.za/land/ad/5870971216?se=UuTJei648RG_LevdjZ8dqA&utm_medium=api&utm_source=7fc50c9d&v=19BC2C564001AD0B9EE626EB94F617FBCFD6D37E,2026-09-04,19,,10.0
5870971224,Senior Data Scientist – 10 Yrs - Cape Town (In office),OfferZen,it,,,,False,South Africa,Western Cape,Cape Town Region,"Cape Town City Centre, Cape Town Region",,,"Senior Data Scientist – 10 Yrs - Cape Town (In office) Are you a talented data scientist looking for your next developer job in Cape Town? OfferZen, the developer jobs marketplace, reverses the job search process. We connect developers with a vast network of top tech companies that are eager to apply to interview you! This could be the last job posting you ever have to click on! Why waste time applying to 100 different companies when you could build one OfferZen profile and have them come to yo...",2026-09-04 21:46:50+00:00,https://www.adzuna.co.za/land/ad/5870971224?se=hvJigS648RGPOd9YPZETDw&utm_medium=api&utm_source=7fc50c9d&v=8AEB6F761CAC160B6A400718CC5E95D6F98B2A8D,2026-09-04,19,,10.0
5870971179,Intermediate Data Engineer - Cape Town (Hybrid),OfferZen,it,,,,False,South Africa,Western Cape,Cape Town Region,"Cape Town City Centre, Cape Town Region",,,"Intermediate Data Engineer - Cape Town (Hybrid) Are you a talented intermediate data engineer looking for your next developer job in Cape Town? OfferZen, the developer jobs marketplace, reverses the job search process. We connect developers with a vast network of top tech companies that are eager to apply to interview you! This could be the last job posting you ever have to click on! Why waste time applying to 100 different companies when you could build one OfferZen profile and have them come ...",2026-09-04 21:46:49+00:00,https://www.adzuna.co.za/land/ad/5870971179?se=UuTJei648RG_LevdjZ8dqA&utm_medium=api&utm_source=7fc50c9d&v=E6BA2A0C33A9C6B705D502A65B32F749C8CDE49C,2026-09-04,19,,
5870270328,(1847) Data Analyst - BSTD,South African Reserve Bank,it,,,,False,South Africa,Gauteng,Tshwane,"Pretoria, Tshwane",-25.725,28.18472,"Brief description The main purpose of this position is to manage, govern and analyse the data ecosystem, ensuring comprehensive insights and driving data rationalisation to enable informed and effective decision-making across the South African Reserve Bank (SARB). Detailed description The successful candidate will be responsible for the following key performance areas: Discover data by applying data discovery mechanisms to establish datasets within the context of the business value drivers, pro...",2026-09-04 10:44:50+00:00,https://www.adzuna.co.za/details/5870270328?utm_medium=api&utm_source=7fc50c9d,2026-09-04,20,,
5870270170,Data Analyst - Enterprise Reporting & Analytics,PwC,it,,,,False,South Africa,Gauteng,Johannesburg,"Johannesburg, Gauteng",-26.183117,28.026104,"Management Level Senior Associate Job Description & Summary At PwC, our people in data and analytics engineering focus on leveraging advanced technologies and techniques to design and develop robust data solutions for clients. They play a crucial role in transforming raw data into actionable insights, enabling informed decision-making and driving business growth. In data engineering at PwC, you will focus on designing and building data infrastructure and systems to enable efficient data process...",2026-09-04 10:44:49+00:00,https://www.adzuna.co.za/details/5870270170?utm_medium=api&utm_source=7fc50c9d,2026-09-04,20,,
5870244268,Data Analyst,Network Contracting Solutions,it,,,,False,South Africa,Gauteng,Johannesburg,"North Johannesburg, Johannesburg",-26.11965,28.045801,Reference: NCM003396-TS-1 Turn Data into Business Impact! Are you passionate about transforming raw data into meaningful insights that drive strategic decision-making? A leading organisation is looking for a Data Analyst to join their growing team and play a key role in turning information into actionable business value. Duties & Responsibilities Our client is a forward-thinking organisation that leverages data and technology to support business growth and innovation. They are seeking a skilled...,2026-09-04 10:12:02+00:00,https://www.adzuna.co.za/details/5870244268?utm_medium=api&utm_source=7fc50c9d,2026-09-04,20,,
5870242661,Junior Data Analyst,Network IT,accounting_finance,,,,False,South Africa,Gauteng,Johannesburg,"North Johannesburg, Johannesburg",-26.11965,28.045801,"Reference: ITE007016-Danni-5 Our client, specializing in financial analytics, is seeking a Junior Data Analyst to join their dynamic team and contribute to their mission of providing actionable insights in the finance industry. Duties & Responsibilities Key Responsibilities: Data Collection & Management: Collect, clean, and organize data from various sources, ensuring accuracy and integrity. Maintain and update databases and systems. Data Analysis: Analyze large datasets to identify anomalies a...",2026-09-04 10:09:49+00:00,https://www.adzuna.co.za/details/5870242661?utm_medium=api&utm_source=7fc50c9d,2026-09-04,20,,
5870239649,Data Analyst GCoE,Unique Personnel,it,,,,False,South Africa,Gauteng,Johannesburg,"Johannesburg, Gauteng",-26.183117,28.026104,"Unique Personnel boasts over 50 years (established in 1970) of personnel and staffing experience, so it's not surprising that even though our main focus has been providing on South African Staffing Solutions, we now recruit internationally for over 5000 clients Duties & Responsibilities The primary objectives of this position are to develop and maintain BI tools that support data analysis and reporting A BI Developer ensures that data is easily accessible accurate and effectively visualized to ...",2026-09-04 10:07:06+00:00,https://www.adzuna.co.za/details/5870239649?utm_medium=api&utm_source=7fc50c9d,2026-09-04,20,,50.0
5870001744,Data Analyst Johannesburg North,Network Contracting Solutions,it,permanent,,,False,South Africa,Gauteng,Johannesburg,"North Johannesburg, Johannesburg",-26.11965,28.045801,Reference: NCM003396-TS-1 Turn Data into Business Impact! Are you passionate about transforming raw data into meaningful insights that drive strategic decision-making? A leading organisation is looking for a Data Analyst to join their growing team and play a key role in turning information into actionable business value. Our client is a forward-thinking organisation that leverages data and technology to support business growth and innovation. They are seeking a skilled Data Analyst who can anal...,2026-09-04 06:21:13+00:00,https://www.adzuna.co.za/details/5870001744?utm_medium=api&utm_source=7fc50c9d,2026-09-04,20,,
5870001710,Junior Data Analyst Johannesburg North,Network IT,accounting_finance,permanent,,,False,South Africa,Gauteng,Johannesburg,"North Johannesburg, Johannesburg",-26.11965,28.045801,"Reference: ITE007016-Danni-5 Our client, specializing in financial analytics, is seeking a Junior Data Analyst to join their dynamic team and contribute to their mission of providing actionable insights in the finance industry. Key Responsibilities: Data Collection & Management: Collect, clean, and organize data from various sources, ensuring accuracy and integrity. Maintain and update databases and systems. Data Analysis: Analyze large datasets to identify anomalies and trends. Reporting & Vis...",2026-09-04 06:21:12+00:00,https://www.adzuna.co.za/details/5870001710?utm_medium=api&utm_source=7fc50c9d,2026-09-04,20,,
5868885298,Senior Data Analyst,Ovations Technologies,it,contract,,,False,South Africa,Gauteng,Johannesburg,"Johannesburg, Gauteng",-26.183117,28.026104,"Senior Data Analyst Johannesburg-hybrid 3 days in the office 3 months contract-Oct-Dec The primary requirement remains data analytics, including the ability to analyse complex datasets, develop data models, build reporting solutions, and translate business requirements into technical solutions. In addition, the resource should be comfortable developing user-facing applications and integrating these applications with data platforms and analytical solutions. The preferred technical requirements a...",2026-09-03 14:16:44+00:00,https://www.adzuna.co.za/details/5868885298?utm_medium=api&utm_source=7fc50c9d,2026-09-03,21,,
5868556794,Supply Chain-Data Analyst Manager,Procter & Gamble,logistics_warehouse,,,,False,South Africa,Gauteng,Johannesburg,"Johannesburg, Gauteng",-26.183117,28.026104,"Job Location JOHANNESBURG GENERAL OFFICE We are looking for a Supply Chain Data Analyst Manager to conduct data analysis to improve our supply chain operations. Your role will help us increase efficiency and reduce costs. In this role, you should have an analytical mind and a strong business acumen. Problem-solving skills and attention to detail are essential. Responsibilities Create processes and methods to gather supply chain data Analyze data to identify problematic areas and suggest improve...",2026-09-03 10:49:38+00:00,https://www.adzuna.co.za/details/5868556794?utm_medium=api&utm_source=7fc50c9d,2026-09-03,21,,
5868526506,Business Data Analyst,Datonomy Solutions,it,,,,False,South Africa,Western Cape,Cape Town Region,"Cape Town City Centre, Cape Town Region",,,"Duties & Responsibilities Role Overview We are seeking an experienced Senior Data & Business Analyst to take end-to-end ownership of a large and complex insurance policy data migration programme . The role will be responsible for analysing, mapping, validating and reconciling commercial insurance policy data as it moves from legacy platforms through multiple integration and staging layers into a modern Policy Administration System. This is a highly analytical, delivery-focused role requiring a ...",2026-09-03 10:08:11+00:00,https://www.adzuna.co.za/details/5868526506?utm_medium=api&utm_source=7fc50c9d,2026-09-03,21,,
5868526438,Data Analyst,Afrizan People Intelligence,it,,,,False,South Africa,Gauteng,Johannesburg,"Central Johannesburg, Johannesburg",-26.205,28.04972,"Introduction Are you a data-driven problem-solver ready to turn complex information into powerful business intelligence? A leading financial services client is seeking a Data Analyst to support its Transactional Banking (TxB) Technology teams in Johannesburg. This role offers the opportunity to influence strategic decisions across payment platforms, cash management systems, and digital transaction solutions—perfect for someone who thrives in a fast-paced, technology-driven environment. Key Duti...",2026-09-03 10:08:05+00:00,https://www.adzuna.co.za/details/5868526438?utm_medium=api&utm_source=7fc50c9d,2026-09-03,21,,
5868526018,Data Analyst,Parvana,it,permanent,,,False,South Africa,Western Cape,Cape Town Region,"Cape Town City Centre, Cape Town Region",,,"Parvana Strategic Sourcing has established itself as a leading provider of permanent and temporary recruitment services to the South African, European and UK marketplace. In addition to this we have enjoyed considerable success in Australia and other part Duties & Responsibilities Location: Cape Town | Work Type: Hybrid | Job ID: J107237 About our client: Our client is a global investment advisory firm focusing on long-term value creation through investment strategies. They work with a diverse ...",2026-09-03 10:07:29+00:00,https://www.adzuna.co.za/details/5868526018?utm_medium=api&utm_source=7fc50c9d,2026-09-03,21,,
5868249548,Data Analyst Johannesburg,Unique Personnel,it,permanent,,,False,South Africa,,,South Africa,,,"Unique Personnel boasts over 50 years (established in 1970) of personnel and staffing experience, so it's not surprising that even though our main focus has been providing on South African Staffing Solutions, we now recruit internationally for over 5000 clients The primary objectives of this position are to develop and maintain BI tools that support data analysis and reporting A BI Developer ensures that data is easily accessible accurate and effectively visualized to support business decision ...",2026-09-03 06:37:58+00:00,https://www.adzuna.co.za/details/5868249548?utm_medium=api&utm_source=7fc50c9d,2026-09-03,21,,50.0
5867873282,Data Analyst – Power BI (iOCO0111),iOCO,it,contract,,,False,South Africa,Western Cape,Cape Town Region,"Cape Town City Centre, Cape Town Region",,,"We are looking for an experienced Data Analyst with a strong Power BI focus to join our team. The successful candidate will be responsible for analysing data, developing insightful dashboards and reports, and working closely with business stakeholders to turn data into meaningful information that supports decision-making. This role requires strong hands-on experience with Power BI, SQL, data modelling and business reporting, as well as the ability to understand stakeholder requirements and tran...",2026-09-03 02:05:35+00:00,https://www.adzuna.co.za/details/5867873282?utm_medium=api&utm_source=7fc50c9d,2026-09-03,21,,
5867749010,Senior Data Analyst / Engineer – Healthcare Reporting,Blue Pearl PTY LTD,it,contract,,,False,South Africa,Gauteng,Johannesburg,"Johannesburg, Gauteng",-26.183117,28.026104,"We are seeking a Senior Data Analyst / Engineer to support a post-go-live tactical reporting solution within a healthcare and medical scheme administration environment. This is a hybrid Data Analyst, BI Developer and Data Engineer role , requiring someone who is equally comfortable working with data, developing reports, troubleshooting operational issues and engaging directly with business users. The role will focus on stabilizing and enhancing the tactical reporting solution, reducing manual e...",2026-09-03 01:28:38+00:00,https://www.adzuna.co.za/details/5867749010?utm_medium=api&utm_source=7fc50c9d,2026-09-03,21,,
5867749013,Senior Data Analyst / Engineer,Blue Pearl PTY LTD,it,contract,,,False,South Africa,Gauteng,Johannesburg,"Johannesburg, Gauteng",-26.183117,28.026104,"We are seeking a Senior Data Analyst / Engineer to support a post-go-live tactical reporting solution within a healthcare and medical scheme administration environment. This is a hybrid Data Analyst, BI Developer and Data Engineer role , requiring someone who is equally comfortable working with data, developing reports, troubleshooting operational issues and engaging directly with business users. The role will focus on stabilizing and enhancing the tactical reporting solution, reducing manual e...",2026-09-03 01:28:38+00:00,https://www.adzuna.co.za/details/5867749013?utm_medium=api&utm_source=7fc50c9d,2026-09-03,21,,
5866420255,Data Analyst,Afrizan People Intelligence  LTD,it,contract,,,False,South Africa,Gauteng,Johannesburg,"Johannesburg, Gauteng",-26.183117,28.026104,"Are you a data-driven problem-solver ready to turn complex information into powerful business intelligence? A leading financial services client is seeking a Data Analyst to support its Transactional Banking (TxB) Technology teams in Johannesburg. This role offers the opportunity to influence strategic decisions across payment platforms, cash management systems, and digital transaction solutions—perfect for someone who thrives in a fast-paced, technology-driven environment. Key Duties Analyse la...",2026-09-02 05:56:24+00:00,https://www.adzuna.co.za/details/5866420255?utm_medium=api&utm_source=7fc50c9d,2026-09-02,22,,
5866420088,Data Analyst Johannesburg,Afrizan People Intelligence  LTD,it,contract,,,False,South Africa,Gauteng,Johannesburg,"Johannesburg, Gauteng",-26.183117,28.026104,"Are you a data-driven problem-solver ready to turn complex information into powerful business intelligence? A leading financial services client is seeking a Data Analyst to support its Transactional Banking (TxB) Technology teams in Johannesburg. This role offers the opportunity to influence strategic decisions across payment platforms, cash management systems, and digital transaction solutions—perfect for someone who thrives in a fast-paced, technology-driven environment. Key Duties Analyse la...",2026-09-02 05:56:22+00:00,https://www.adzuna.co.za/details/5866420088?utm_medium=api&utm_source=7fc50c9d,2026-09-02,22,,
5866419476,Business Data Analyst Cape Town,Datonomy Solutions,it,contract,90000.0,100000.0,False,South Africa,Western Cape,Cape Town Region,"Cape Town Region, Western Cape",-33.979741,18.590372,"Role Overview We are seeking an experienced Senior Data & Business Analyst to take end-to-end ownership of a large and complex insurance policy data migration programme . The role will be responsible for analysing, mapping, validating and reconciling commercial insurance policy data as it moves from legacy platforms through multiple integration and staging layers into a modern Policy Administration System. This is a highly analytical, delivery-focused role requiring a combination of business an...",2026-09-02 05:56:04+00:00,https://www.adzuna.co.za/details/5866419476?utm_medium=api&utm_source=7fc50c9d,2026-09-02,22,95000.0,
5866066352,Business Data Analyst,,it,,1080000.0,1200000.0,False,South Africa,Western Cape,Cape Town Region,"Cape Town City Centre, Cape Town Region",,,"Role Overview We are seeking an experienced Senior Data & Business Analyst to take end-to-end ownership of a large and complex insurance policy data migration programme . The role will be responsible for analysing, mapping, validating and reconciling commercial insurance policy data as it moves from legacy platforms through multiple integration and staging layers into a modern Policy Administration System. This is a highly analytical, delivery-focused role requiring a combination of business an...",2026-09-02 03:24:29+00:00,https://www.adzuna.co.za/land/ad/5866066352?se=UuTJei648RG_LevdjZ8dqA&utm_medium=api&utm_source=7fc50c9d&v=2782CE5FF0D3658922E20CEE1CC4C9FAFE691819,2026-09-02,22,1140000.0,
5865827303,Financial Data Analyst,Hire Resolve,accounting_finance,permanent,,,False,South Africa,Western Cape,Cape Town Region,"Cape Town City Centre, Cape Town Region",,,"A leading Financial consultancy firm is seeking a Financial Data Analyst to joint heir company. This role is ideal for individuals who are passionate about working with data, interpreting financial trends, and supporting business decisions with accurate insights. You will play a key part in helping the company strengthen its financial reporting, improve forecasting accuracy, and support strategic gro wth initiatives. Responsibilities: Collect, clean, and analyze financial and operational data t...",2026-09-02 01:52:10+00:00,https://www.adzuna.co.za/details/5865827303?utm_medium=api&utm_source=7fc50c9d,2026-09-02,22,,
5865044990,Data Analyst,Remote Recruitment,it,,,,False,South Africa,Western Cape,Cape Town Region,"Cape Town City Centre, Cape Town Region",,,"Salary: R36 000 – R38 000 per month Remote Recruitment is hiring a Data Analyst for a UK-based employer, fully remote from South Africa. Remote Recruitment is hiring a Data Analyst for our UK-based clients. This is a fully remote position offering South African professionals an excellent opportunity to work with leading UK employers from home. You will work UK business hours and join a supportive, fast-growing team. Key Responsibilities Collect, process and analyse large datasets to uncover act...",2026-09-01 18:16:53+00:00,https://www.adzuna.co.za/details/5865044990?utm_medium=api&utm_source=7fc50c9d,2026-09-01,22,,
5864078863,Senior Data Analyst / BI Consultant (Specialist),Sabenza IT Recruitment,it,contract,,,False,South Africa,Gauteng,Johannesburg,"Johannesburg, Gauteng",-26.183117,28.026104,"Job Description Our client is seeking 2 experienced Data Analysts / BI Consultants to join a short-term project within the telecommunications sector. The project involves working with complex customer, supplier and connectivity data to improve data accuracy, reporting and identify opportunities for cost optimisation and operational efficiency. Posted By",2026-09-01 10:08:01+00:00,https://www.adzuna.co.za/details/5864078863?utm_medium=api&utm_source=7fc50c9d,2026-09-01,23,,
5863478914,Junior Data Analyst,Hire Resolve,it,permanent,180000.0,240000.0,False,South Africa,Western Cape,Cape Town Region,"Cape Town City Centre, Cape Town Region",,,"A company that operates an online sports betting and casino gaming platform is seeking a Junior Data Analyst who will be responsible for turning raw data into actionable business intelligence. Responsibilities: Collecting, analyzing, and interpreting complex datasets. Performing statistical analysis and data modeling. Creating reports and data visualizations. Effectively communicating data findings and insights to stakeholders. Minimum Requirements: Strong Analytical Skills and Data Analytics p...",2026-09-01 01:33:44+00:00,https://www.adzuna.co.za/details/5863478914?utm_medium=api&utm_source=7fc50c9d,2026-09-01,23,210000.0,
5863478581,Senior Data Analyst,Hire Resolve,it,permanent,1200.0,720000.0,False,South Africa,Gauteng,Johannesburg,"Johannesburg, Gauteng",-26.183117,28.026104,"An established management firm specializing in online media, digital marketing, and e-commerce solutions with over two decades of experience is seeking a Senior Data Analyst who will bridge the gap between raw data and strategic execution. You will partner with business leaders to define metrics, build analytical narratives, and deliver the trusted dashboards that drive our business outcomes. Responsibilities: Collaborate with business leads to define problems, test hypotheses, and establish su...",2026-09-01 01:33:35+00:00,https://www.adzuna.co.za/details/5863478581?utm_medium=api&utm_source=7fc50c9d,2026-09-01,23,360600.0,
5862005431,Data Analyst II_Pipeline,Capitec Bank,it,,,,False,South Africa,Western Cape,Cape Winelands,"Idasvallei, Stellenbosch",-33.92222,18.88472,"Reference: 44408372 Capitec Bank is a leading South African retail bank that focuses on essential banking services and provides innovative transacting, savings, insurance and unsecured lending products to individuals. Capitec's mission is to make banking simple and transparent to help clients - regardless of their level of income or assets - improve their financial lives through a single solution, called Global One. Duties & Responsibilities Why this role exist At Capitec, we believe better dec...",2026-08-30 10:06:09+00:00,https://www.adzuna.co.za/details/5862005431?utm_medium=api&utm_source=7fc50c9d,2026-08-30,25,,
5862005232,Data Analyst,Network1,it,,750000.0,750000.0,False,South Africa,Western Cape,Cape Town Region,"Cape Town Region, Western Cape",,,"Data tells a story, but the right analyst turns that story into business growth. If you enjoy uncovering trends, translating complex data into actionable insights, and influencing key commercial decisions, then this opportunity offers the perfect platform to make a measurable impact within a fast-growing Retail Media environment. An exciting opportunity exists for a Data Analyst to join a high-growth Retail Media team where customer data, supplier partnerships, campaign performance, and commerc...",2026-08-30 10:05:46+00:00,https://www.adzuna.co.za/details/5862005232?utm_medium=api&utm_source=7fc50c9d,2026-08-30,25,750000.0,
5861747802,Junior Data Analyst,,it,,,,False,South Africa,,,South Africa,,,"Our reputable QSR / Restaurant client is currently seeking a detail-oriented and analytical Junior Data Analyst to join their team. The successful candidate will be responsible for collecting, processing, cleaning, and analyzing business and operational data to support informed decision-making. The role will involve working with data from various sources, including MICROS POS, maintaining databases, identifying trends and patterns, streamlining data collection processes, and preparing accurate ...",2026-08-30 03:38:05+00:00,https://www.adzuna.co.za/land/ad/5861747802?se=UuTJei648RG_LevdjZ8dqA&utm_medium=api&utm_source=7fc50c9d&v=36D53E8DCEF49C092D98B3645E8CE17A920BDC35,2026-08-30,25,,
5861049768,Junior Data Analyst,Talent Candey,it,permanent,,,False,South Africa,,,South Africa,,,"QSR / Restaurant - Junior Data Analyst - Durban Our reputable QSR / Restaurant client is currently seeking a detail-oriented and analytical Junior Data Analyst to join their team. The successful candidate will be responsible for collecting, processing, cleaning, and analyzing business and operational data to support informed decision-making. The role will involve working with data from various sources, including MICROS POS, maintaining databases, identifying trends and patterns, streamlining da...",2026-08-29 13:50:24+00:00,https://www.adzuna.co.za/details/5861049768?utm_medium=api&utm_source=7fc50c9d,2026-08-29,26,,
5860879320,Senior Data Analyst,takealot.com,it,,,,False,South Africa,Western Cape,Cape Town Region,"Cape Town City Centre, Cape Town Region",,,"Takealot Fulfilment Solutions (TFS), a division of Takealot Online (RF) (Pty) Ltd, is looking for a highly talented Senior Data Analyst to join our team in Cape Town . Join Our Mission at Takealot Fulfilment Solutions | We Are TFS Revolutionising e-commerce logistics in South Africa with cutting-edge technology and operational excellence. We deliver 30 million orders annually, empowering businesses and driving economic growth. Who We're Looking For: Innovative, ambitious individuals ready to sh...",2026-08-29 10:09:51+00:00,https://www.adzuna.co.za/details/5860879320?utm_medium=api&utm_source=7fc50c9d,2026-08-29,26,,
5860877171,Master Data Analyst,Outsidecapital,it,permanent,,,False,South Africa,Western Cape,Cape Town Region,"Cape Town City Centre, Cape Town Region",,,"Job Description We're partnering with an established international services organisation with a multi-country operating model and an active focus on improving the consistency of its systems, processes and data. This permanent, flexible-hybrid opportunity is based in Cape Town and sits at the intersection of data analysis, business requirements, data quality and governance. It offers the chance to contribute to work that will influence how important business information is defined, prepared, val...",2026-08-29 10:05:24+00:00,https://www.adzuna.co.za/details/5860877171?utm_medium=api&utm_source=7fc50c9d,2026-08-29,26,,
5860300386,Senior Data Analyst / BI Consultant (Specialist),Sabenza IT & Recruitment,it,contract,,,False,South Africa,Gauteng,Johannesburg,"Johannesburg, Gauteng",-26.183117,28.026104,"Our client is seeking 2 experienced Data Analysts / BI Consultants to join a short-term project within the telecommunications sector. The project involves working with complex customer, supplier and connectivity data to improve data accuracy, reporting and identify opportunities for cost optimisation and operational efficiency. Requirements Key Responsibilities Analyse and link supplier, access link and customer data Work with customer and supplier invoice and billing information Consolidate da...",2026-08-29 00:41:57+00:00,https://www.adzuna.co.za/details/5860300386?utm_medium=api&utm_source=7fc50c9d,2026-08-29,26,,
5859886647,Senior Data Analyst (Banking),Sanlam Group,it,,,,False,South Africa,Western Cape,Cape Town Region,"Cape Town City Centre, Cape Town Region",,,"Who are we? Sanlam was established as a life insurance company in South Africa but has since transformed into a diversified financial services group that operates across the African continent, India, Malaysia and selected developed markets, with listings on the Johannesburg, A2X and Namibian Securities Stock exchanges. In 2018 the Group celebrated its centenary as well as 20 years since demutualisation and listing in South Africa and Namibia. Sanlam is one of the largest internationally active ...",2026-08-28 18:15:34+00:00,https://www.adzuna.co.za/details/5859886647?utm_medium=api&utm_source=7fc50c9d,2026-08-28,26,,20.0
5857156194,Data Analyst,Capitec Bank Ltd,it,,,,False,South Africa,Western Cape,Cape Winelands,"Stellenbosch, Cape Winelands",-33.926942,18.855339,"Apply by We're on the lookout for energetic, self-motivated individuals who share our passion for service in the banking industry. To be part of the journey, follow the steps below: 1. To see what life at Capitec is all about and complete a short assessment, please click here! 2. Once you have completed the above finalize your application by clicking apply below. Purpose Statement The Data Analyst role exists to unlock value from data by making data accessible and meaningful to stakeholders acr...",2026-08-26 18:14:49+00:00,https://www.adzuna.co.za/details/5857156194?utm_medium=api&utm_source=7fc50c9d,2026-08-26,28,,
5857156055,Campaign Operations/Data Analyst - Remote,Worknet Staffing,it,,,,False,South Africa,KwaZulu-Natal,Amajuba,"Newcastle, Amajuba",-27.74803,29.918722,"My client is looking for a highly analytical, curious and detail orientated person to join a fast growing B2B marketing technology business. This is a REMOTE position and the successful candidate will work for UK company working UK hours This position is ideal for a newly graduated student or 0-2 years experience This isn't a traditional marketing role. You'll sit at the point where campaign operations, data, technology and insight come together. Initially, you'll take responsibility for making...",2026-08-26 18:14:48+00:00,https://www.adzuna.co.za/details/5857156055?utm_medium=api&utm_source=7fc50c9d,2026-08-26,28,,2.0
5857156101,Statistical Data Analyst,Humankind Group,it,,,,False,South Africa,Western Cape,Cape Town Region,"Cape Town City Centre, Cape Town Region",,,"Reference: HC004706-Brit-1 Data Analyst – Cape Town We are looking for a skilled Data Analyst to join our team in Cape Town. If you enjoy working with data to uncover insights and drive business decisions, this could be the perfect opportunity for you. Requirements Bachelor's degree in a related field (Honours/Master's advantageous) 2–3 years' proven experience as a Data Analyst Strong skills in data visualisation tools (e.g., Python, Power BI, Tableau, Looker, etc.) Excellent analytical and pr...",2026-08-26 18:14:48+00:00,https://www.adzuna.co.za/details/5857156101?utm_medium=api&utm_source=7fc50c9d,2026-08-26,28,,3.0
5856829365,Spatial Data Analyst with Statistical Competency,Talent Engine,it,,,,False,South Africa,Gauteng,Tshwane,"Centurion, Tshwane",-25.8425,28.18586,"Role Overview: We are looking for a highly analytical, hands-on Spatial Data Analyst with Statistical Competency to join our team, focussed within the property (primary) and retail (secondary) arms of the business. This role is designed for a self-starter who loves digging into data, applying statistical principles to real-world geography, and using modern tech to quickly bring data concepts to life. In this role, you will bridge the gap between deep data interrogation, spatial analytics, and c...",2026-08-26 14:54:54+00:00,https://www.adzuna.co.za/details/5856829365?utm_medium=api&utm_source=7fc50c9d,2026-08-26,29,,
5856829364,Spatial Data Analyst with Statistical Competency,Talent Engine,it,,,,False,South Africa,Gauteng,Johannesburg,"Bryanston, North Johannesburg",-26.044986,28.022102,"Role Overview: We are looking for a highly analytical, hands-on Spatial Data Analyst with Statistical Competency to join our team, focussed within the property (primary) and retail (secondary) arms of the business. This role is designed for a self-starter who loves digging into data, applying statistical principles to real-world geography, and using modern tech to quickly bring data concepts to life. In this role, you will bridge the gap between deep data interrogation, spatial analytics, and c...",2026-08-26 14:54:54+00:00,https://www.adzuna.co.za/details/5856829364?utm_medium=api&utm_source=7fc50c9d,2026-08-26,29,,
5856154512,Data Analyst (Water Intelligence),,it,contract,,,False,South Africa,Gauteng,Tshwane,"Pretoria, Tshwane",-25.725,28.18472,"Must Have: - Relevant degree. BSc / BEng / BCom in data science, statistics, informatics, engineering, or a quantitative field - completed. - 15 years working with real data (analytics, reporting, engineering data, billing/consumption data, or similar). Strong internship or project evidence counts at the junior end. - Excel to advanced level (pivots, lookups, Power Query a plus) AND at least one of SQL or Python (pandas) - AI proficiency - Numerical scepticism - Clear writing Strongly preferred...",2026-08-26 03:39:08+00:00,https://www.adzuna.co.za/land/ad/5856154512?se=UuTJei648RG_LevdjZ8dqA&utm_medium=api&utm_source=7fc50c9d&v=CC2995DD4731A33EBACC5B61956892132416B07E,2026-08-26,29,,15.0
5854838389,Associate Data Analyst,,it,,,,False,South Africa,Western Cape,Cape Town Region,"Cape Town Region, Western Cape",,,"About impact.com impact.com is the world's leading commerce partnership marketing platform, transforming the way businesses grow by enabling them to discover, manage, and scale partnerships across the entire customer journey. From affiliates and influencers to content publishers, brand ambassadors, and customer advocates, impact.com empowers brands to drive trusted, performance-based growth through authentic relationships. Its award-winning products- Performance (affiliate), Creator (influencer...",2026-08-25 03:44:00+00:00,https://www.adzuna.co.za/details/5854838389?utm_medium=api&utm_source=7fc50c9d,2026-08-25,30,,
5854838299,Data Analyst - ZA Marketplace,,it,,,,False,South Africa,Western Cape,Cape Town Region,"Cape Town Region, Western Cape",,,"Data Analyst - Cape Town We're looking for a Data Analyst to join our team here at ClearScore in Cape Town. You will join the team in delivering insight and analysis which allow ClearScore to rapidly scale and deliver a seamless experience for our users. Analysts play a key role within ClearScore, driving strategy and key decision-making, which ultimately benefits our users, partners, and other teams within the business. ClearScore has an amazing analytical community which includes Data Analyst...",2026-08-25 03:43:55+00:00,https://www.adzuna.co.za/details/5854838299?utm_medium=api&utm_source=7fc50c9d,2026-08-25,30,,
5854838301,Data Analyst - Strategic Marketing,,it,,,,False,South Africa,Western Cape,Cape Town Region,"Cape Town Region, Western Cape",,,"Data Analyst - Cape Town We're looking for a Data Analyst to join our team here at ClearScore in Cape Town. You will join the team in delivering insight, analysis and recommendations which allow ClearScore to rapidly scale and deliver a seamless experience for our users. Analysts play a key role within ClearScore, driving strategy and key decision-making, which ultimately benefits our users, partners, and other teams within the business. ClearScore has an amazing analytical community which incl...",2026-08-25 03:43:55+00:00,https://www.adzuna.co.za/details/5854838301?utm_medium=api&utm_source=7fc50c9d,2026-08-25,30,,
5854838283,Junior Data Analyst (FinTech/Startup/Mobile Payments),,it,permanent,,,False,South Africa,Western Cape,Cape Town Region,"Cape Town Region, Western Cape",,,"About the job Junior Data Analyst (FinTech/Startup/Mobile Payments) Our client is an innovative pay-as-you-go solar startup. They make life better for everyday households in Africa where they build amazing tech to help bring access to energy, internet and opportunity to people who otherwise wouldn't. Our client is a dynamic, hardworking team that values flexibility and focuses on results over office hours. They are resourceful and budget-conscious, whether they are traveling or working. They be...",2026-08-25 03:43:54+00:00,https://www.adzuna.co.za/details/5854838283?utm_medium=api&utm_source=7fc50c9d,2026-08-25,30,,
5854838229,Data Analyst,,manufacturing,,,,False,South Africa,Gauteng,Ekurhuleni,"Germiston, Ekurhuleni",-26.239721,28.189786,"A well-established and fast-paced manufacturing company is looking for an experienced Data Analyst with a strong background in inventory and stock management to join their team in Germiston, Gauteng. The successful candidate must have experience working with stock environments valued at R400 million and managing over 35,000 active line items. This role is critical in supporting business intelligence and optimizing stock across a national warehouse network. Responsibilities: Analyze and manage s...",2026-08-25 03:43:51+00:00,https://www.adzuna.co.za/details/5854838229?utm_medium=api&utm_source=7fc50c9d,2026-08-25,30,,
5854838148,Junior Data Analyst - (Graduate),,graduate,,400000.0,400000.0,False,South Africa,Gauteng,Johannesburg,"Sandton, North Johannesburg",-26.06861,28.04833,"Job Description THE OPPORTUNITY THAT AWAITS YOU A leading simulation science and data technology consultancy, based in the Northern Suburbs of Johannesburg, is seeking high-calibre Graduate Analysts to join their team of analytical problem-solvers. This is not a traditional graduate role. Your degree taught you what - this environment will teach you so what. Working alongside top-tier data scientists, engineers, and consultants, you'll apply mathematics, analytics, and commercial thinking to so...",2026-08-25 03:43:48+00:00,https://www.adzuna.co.za/details/5854838148?utm_medium=api&utm_source=7fc50c9d,2026-08-25,30,400000.0,
5854838119,Data Analyst (Investment Governance),,accounting_finance,contract,,,False,South Africa,Western Cape,Cape Town Region,"Cape Town Region, Western Cape",,,"Job Description Location: Cape Town Work Type: Hybrid Contract Duration: 12 Months Job ID: J107187 About our client: Our client is a global investment advisory firm focusing on long-term value creation through investment strategies. They work with a diverse group of institutional partners and pride themselves on their collaborative, sustainable, inclusive culture and performance. You are welcome to go into the office daily or to take advantage of their hybrid in-office / remote benefit. This co...",2026-08-25 03:43:47+00:00,https://www.adzuna.co.za/details/5854838119?utm_medium=api&utm_source=7fc50c9d,2026-08-25,30,,
5854838127,Technical Data Analyst (Portfolio Monitoring),,it,,,,False,South Africa,Western Cape,Cape Town Region,"Cape Town Region, Western Cape",,,"Job Description About our client: Our client is a global investment advisory firm focusing on long-term value creation through investment strategies. They work with a diverse group of institutional partners and pride themselves on their collaborative, sustainable, inclusive culture and performance. What you will be doing: Support monthly financial and valuation submissions using Chronograph and 73 Strings, ensuring accuracy and consistency with deal teams. Produce timely and accurate insights u...",2026-08-25 03:43:47+00:00,https://www.adzuna.co.za/details/5854838127?utm_medium=api&utm_source=7fc50c9d,2026-08-25,30,,
5854838123,Data Analyst (Investor Access Control),,accounting_finance,,,,False,South Africa,Western Cape,Cape Town Region,"Cape Town Region, Western Cape",,,"Job Description Location: Cape Town Work Type: Hybrid Job ID: J107218 About our client: Our client is a global investment advisory firm focusing on long-term value creation through investment strategies. They work with a diverse group of institutional partners and pride themselves on their collaborative, sustainable, inclusive culture and performance. You are welcome to go into the office daily or to take advantage of their hybrid in-office / remote benefit. This company places significant inve...",2026-08-25 03:43:47+00:00,https://www.adzuna.co.za/details/5854838123?utm_medium=api&utm_source=7fc50c9d,2026-08-25,30,,
5851437822,Data Analyst,Salt,it,permanent,,,False,South Africa,Gauteng,Johannesburg,"Johannesburg, Gauteng",-26.183117,28.026104,"Data Analyst About the Role We are partnering with a rapidly growing global technology company seeking a Data Analyst to join its team. This is an exciting opportunity for a commercially minded analyst who enjoys transforming complex data into actionable insights that drive business performance. Key Responsibilities Analyze performance across the full revenue funnel, from customer acquisition through retention Build and maintain key revenue reports, dashboards, forecasts Develop live KPI tracki...",2026-08-21 22:57:40+00:00,https://www.adzuna.co.za/details/5851437822?utm_medium=api&utm_source=7fc50c9d,2026-08-21,33,,
5850977103,Data Analyst,Bright Placements,it,permanent,,,False,South Africa,Gauteng,Tshwane,"Pretoria, Tshwane",-25.725,28.18472,"A Data Analyst in an FMCG environment is responsible for turning sales, stock, financial, customer and operational data into actionable insights that help management improve profitability, forecasting, inventory and business performance. Current FMCG roles in Pretoria commonly emphasise Power BI, advanced Excel, SQL, dashboards, data integrity and commercial analysis . Key Duties and Responsibilities Data Analysis & Reporting Collect, analyse and interpret large datasets from multiple sources. ...",2026-08-21 13:48:31+00:00,https://www.adzuna.co.za/details/5850977103?utm_medium=api&utm_source=7fc50c9d,2026-08-21,34,,
5850483630,Data Analyst (Bloem/Agri),Santam Insurance - Head Office,accounting_finance,,,,False,South Africa,Free State,Motheo,"Bloemfontein, Mangaung",-29.11583,26.15,JOB PURPOSE Assume responsibility for support and production of all business information through the collation and analysis of data to support management making effective business decisions. RESPONSIBILITIES 1. Underwriting support a. Contribute to the development and maintenance of internal data assets to support pricing and other modelling initiatives. b. Withdrawal of assessors cost per month. c. Building data sets d. Support rate book uploads e. Testing rate books on GW f. Maintenance of th...,2026-08-21 05:52:36+00:00,https://www.adzuna.co.za/details/5850483630?utm_medium=api&utm_source=7fc50c9d,2026-08-21,34,,
5850327051,DATA ANALYST,,it,,,,False,South Africa,Gauteng,Tshwane,"Pretoria, Tshwane",-25.725,28.18472,"DATA ANALYST * Minimum 5 Years' experience in a FMCG/Consumer Goods OR Manufacturing Industry - An Advantage, but not Mandatory * Relevant Qualification in Data Science, Information Systems, Statistics, Finance OR Related Field * Afrikaans & English Speaking * Data Flow Monitoring * Data Integrity/Workflow Analysis * Risk Identification * SQL Advanced * Power BI/Tableau * Root-Cause Analysis * ERP/CRM Systems",2026-08-21 03:37:00+00:00,https://www.adzuna.co.za/land/ad/5850327051?se=UuTJei648RG_LevdjZ8dqA&utm_medium=api&utm_source=7fc50c9d&v=F90CBFD8BBF95725CA26CB8759217E4F96B2805D,2026-08-21,34,,5.0
5849575567,DATA ANALYST,Pronto Labour Team  Ltd,it,permanent,36.0,36.0,False,South Africa,Gauteng,Tshwane,"Pretoria, Tshwane",-25.725,28.18472,"DATA ANALYST FMCG/Consumer Goods OR Manufacturing Industry will be an Advantage, but NOT Mandatory * Afrikaans & English Speaking - Tshwane (Pretoria), Gauteng DATA ANALYST * Minimum 5 Years' experience in a FMCG/Consumer Goods OR Manufacturing Industry - An Advantage, but not Mandatory * Relevant Qualification in Data Science, Information Systems, Statistics, Finance OR Related Field * Afrikaans & English Speaking * Data Flow Monitoring * Data Integrity/Workflow Analysis * Risk Identification ...",2026-08-20 14:23:11+00:00,https://www.adzuna.co.za/details/5849575567?utm_medium=api&utm_source=7fc50c9d,2026-08-20,35,36.0,5.0
5845673596,Data Analyst (Power BI / SQL),Confluent,it,permanent,,,False,South Africa,Western Cape,Cape Town Region,"Cape Town City Centre, Cape Town Region",,,"Data Analyst (Power BI / SQL) Cape Town – Pinelands | Confluent We're looking for a Data Analyst who lives in SQL, builds Power BI dashboards people actually use, and gets a kick out of turning messy data into clear answers. You'll join our Data Analytics team and work alongside Data Engineering, Data Science and business partners to help shape better decisions across the group. About Confluent Confluent is a South African financial services group with a single purpose: building financially hea...",2026-08-18 01:29:36+00:00,https://www.adzuna.co.za/details/5845673596?utm_medium=api&utm_source=7fc50c9d,2026-08-18,37,,
5832186763,Senior Data Analyst,Boardroom Appointments,it,contract,,,False,South Africa,Gauteng,Johannesburg,"Johannesburg, Gauteng",-26.183117,28.026104,"Senior Data Analyst Location: Johannesburg, Gauteng (Preferred) Contract Type: Initial 12-Month Contract (with a strong possibility of extension) Start Date: ASAP Are you an experienced Senior Data Analyst with a passion for transforming complex data into meaningful business insights? Our client is seeking an experienced Senior Data Analyst to join a strategic, data-driven programme focused on delivering actionable insights, supporting business decision-making, and driving value through advance...",2026-08-07 17:54:47+00:00,https://www.adzuna.co.za/details/5832186763?utm_medium=api&utm_source=7fc50c9d,2026-08-07,47,,
5831685533,Data Analyst - Employee Benefits,Parvana,accounting_finance,permanent,,,False,South Africa,Western Cape,Cape Town Region,"Cape Town City Centre, Cape Town Region",,,"Parvana Strategic Sourcing has established itself as a leading provider of permanent and temporary recruitment services to the South African, European and UK marketplace. In addition to this we have enjoyed considerable success in Australia and other part Duties & Responsibilities About our client: Our client is a global investment advisory firm focusing on long-term value creation through investment strategies. They work with a diverse group of institutional partners and pride themselves on th...",2026-08-07 10:08:44+00:00,https://www.adzuna.co.za/details/5831685533?utm_medium=api&utm_source=7fc50c9d,2026-08-07,48,,
5828844246,Data Analyst,Exaze,it,,,,False,South Africa,Gauteng,Johannesburg,"Bryanston, North Johannesburg",-26.05139,28.02806,"Job Purpose: The Data Analyst is responsible for analysing and interpreting large sets of data from various sources for extracting insights and document source to target mappings for BI Solutions. The successful candidate will work closely with cross-functional teams to document PLSQL queries from schemas, facts and dimensional data structures for a BI Portal Migration project. Key Responsibilities: Collect, analyse, and interpret complex data sets by examining PLSQL queries from an Oracle Data...",2026-08-05 10:08:43+00:00,https://www.adzuna.co.za/details/5828844246?utm_medium=api&utm_source=7fc50c9d,2026-08-05,50,,
5826561898,Data Analyst,Be Different SA  Ltd,it,permanent,36.0,36.0,False,South Africa,Gauteng,Johannesburg,"Midrand, North Johannesburg",-26.03667,28.15306,"Our client is a dynamic technology business that provides access to a diverse portfolio of innovative end-to-end digital media and fintech technology solutions based in Kyalami, Midrand is seeking an experienced Data Analyst to collect, analyse and interpret business, content and customer data to provide accurate reporting, actionable insights and performance analysis that supports strategic and operational decision-making across the business. This role is based in the office 3 times a week and...",2026-08-03 13:35:11+00:00,https://www.adzuna.co.za/details/5826561898?utm_medium=api&utm_source=7fc50c9d,2026-08-03,52,36.0,
5823490457,Senior Data Analyst,Khonology  Ltd,it,contract,,,False,South Africa,Gauteng,Johannesburg,"Johannesburg, Gauteng",-26.183117,28.026104,"The Senior Data Analyst is responsible for analysing transactional banking data, identifying reconciliation and data quality issues, and delivering trusted insights, reporting, and business requirements to support Data Lakehouse initiatives and financial transparency. Main Responsibilities Analyse end-to-end transaction flows across digital channels, core banking systems and finance platforms. Identify data sources, data quality issues and reconciliation gaps impacting financial reporting. Defi...",2026-08-01 08:46:06+00:00,https://www.adzuna.co.za/details/5823490457?utm_medium=api&utm_source=7fc50c9d,2026-08-01,54,,
5822927802,Data Analyst,Unifi,it,permanent,,,False,South Africa,Western Cape,Cape Winelands,"Stellenbosch, Cape Winelands",-33.926942,18.855339,"About Unifi Unifi is redefining credit in Africa with simple, fast personal loans delivered through online, mobile and branch channels. We make life easy for thousands of clients across Zambia, Kenya, Uganda and South Africa. Unifi has conviction in the African continent and its people, and our products enable our clients to achieve even more. As one of the fastest-growing lenders in East Africa, we combine exceptional client service with the very best tech and data analytics. Learn more about ...",2026-08-01 01:19:49+00:00,https://www.adzuna.co.za/details/5822927802?utm_medium=api&utm_source=7fc50c9d,2026-08-01,54,,
5820410134,Data & Reporting Analyst,Wheco Group,it,permanent,,,False,South Africa,Eastern Cape,Nelson Mandela Bay,"Port Elizabeth, Nelson Mandela Bay",-33.955,25.5,"At Wheco Holdings, data is a strategic asset that drives informed decision-making across the business. Our Business Intelligence team plays a critical role in analysing data, developing reporting solutions, and ensuring the integrity of information across multiple systems. We are looking for an analytical and detail-oriented Data & Reporting Analyst who enjoys transforming complex data into meaningful insights, building reporting solutions, and supporting the business through accurate, consiste...",2026-07-30 01:20:57+00:00,https://www.adzuna.co.za/details/5820410134?utm_medium=api&utm_source=7fc50c9d,2026-07-30,56,,
5819281647,Data Analyst Cape Town,Parvana,it,permanent,,,False,South Africa,Western Cape,Cape Town Region,"Cape Town Region, Western Cape",-33.979741,18.590372,"Parvana Strategic Sourcing has established itself as a leading provider of permanent and temporary recruitment services to the South African, European and UK marketplace. In addition to this we have enjoyed considerable success in Australia and other part Location: Cape Town | Work Type: Hybrid | Job ID: J107237 About our client: Our client is a global investment advisory firm focusing on long-term value creation through investment strategies. They work with a diverse group of institutional par...",2026-07-29 05:40:03+00:00,https://www.adzuna.co.za/details/5819281647?utm_medium=api&utm_source=7fc50c9d,2026-07-29,57,,
5817848109,Data Analyst: Retail Media,PEP,it,permanent,,,False,South Africa,Western Cape,,"Western Cape, South Africa",-33.474809,20.131419,"We are looking for a Data Analyst: Retail Media to join one of the most exciting new growth areas in PEP. PEP Media is where customer data, supplier partnerships, campaign performance and commercial opportunity come together. This role will help turn PEP's customer, retail and campaign data into powerful insights that support audience planning, supplier reporting, campaign measurement and better business decisions. This is a great opportunity for a curious, commercially minded analyst who wants...",2026-07-28 03:20:07+00:00,https://www.adzuna.co.za/details/5817848109?utm_medium=api&utm_source=7fc50c9d,2026-07-28,58,,
5814120784,Commercial Data Analyst,Outsidecapital,it,,,,False,South Africa,Gauteng,Johannesburg,"Johannesburg, Gauteng",-26.183117,28.026104,"Job Description Our client, a leading organisation within the horse racing, betting and online gaming industry, is looking for a commercially minded Data Analyst to provide end-to-end analytical support across its operations. The successful candidate will analyse business, customer and gaming performance across areas such as wagering turnover, deposits, Gross Gaming Revenue, customer retention, campaign profitability, sportsbook and online casino activity. This is not a purely technical reporti...",2026-07-24 18:54:41+00:00,https://www.adzuna.co.za/details/5814120784?utm_medium=api&utm_source=7fc50c9d,2026-07-24,61,,
5812458503,Geospatial Data Analyst,Cartrack Pty,it,,,,False,South Africa,Western Cape,Cape Town Region,"Cape Town City Centre, Cape Town Region",,,"Introduction Duties & Responsibilities Strategic Analytics & Reporting: ● Develop reports, dashboards, and analytics solutions for business stakeholders. ● Present strategic insights to senior and executive stakeholders. ● Design and implement KPI tracking systems to monitor operational performance. ● Conduct advanced statistical analysis to identify trends, patterns, and optimization opportunities. ● Develop models for demand forecasting, driver planning, resource allocation and risks. ● Desig...",2026-07-23 17:34:16+00:00,https://www.adzuna.co.za/details/5812458503?utm_medium=api&utm_source=7fc50c9d,2026-07-23,62,,
5810994056,RevOps Data Analyst,Scytale,it,,,,False,South Africa,Gauteng,Johannesburg,"Booysens, South Johannesburg",-26.22917,28.02472,"Scytale is a global leader, an AI-powered company transforming how organizations achieve and maintain trust and compliance. Our platform automates frameworks SOC 2, ISO 27001, SOX ITGC, GDPR, PCI DSS, and 60 more frameworks, making compliance smarter, faster, and continuously audit-ready. Built for startups, scale-ups, and enterprises, Scytale combines intelligent automation, real-time monitoring, and AI-driven insights to reduce manual work and eliminate compliance blind spots. Recognized as a...",2026-07-22 17:29:27+00:00,https://www.adzuna.co.za/details/5810994056?utm_medium=api&utm_source=7fc50c9d,2026-07-22,63,,
5810973183,RevOps Data Analyst,Scytale,it,,,,False,South Africa,Western Cape,Cape Town Region,"Bakoven, Cape Town City Centre",-33.96,18.38278,"Scytale is a global leader, an AI-powered company transforming how organizations achieve and maintain trust and compliance. Our platform automates frameworks SOC 2, ISO 27001, SOX ITGC, GDPR, PCI DSS, and 60 more frameworks, making compliance smarter, faster, and continuously audit-ready. Built for startups, scale-ups, and enterprises, Scytale combines intelligent automation, real-time monitoring, and AI-driven insights to reduce manual work and eliminate compliance blind spots. Recognized as a...",2026-07-22 17:26:57+00:00,https://www.adzuna.co.za/details/5810973183?utm_medium=api&utm_source=7fc50c9d,2026-07-22,63,,
5795686928,Data Analyst (Investor Access Control),Parvana,accounting_finance,permanent,,,False,South Africa,Western Cape,Cape Town Region,"Cape Town City Centre, Cape Town Region",,,"Parvana Strategic Sourcing has established itself as a leading provider of permanent and temporary recruitment services to the South African, European and UK marketplace. In addition to this we have enjoyed considerable success in Australia and other part Duties & Responsibilities Location: Cape Town | Work Type: Hybrid | Job ID: J107218 About our client: Our client is a global investment advisory firm focusing on long-term value creation through investment strategies. They work with a diverse ...",2026-07-10 17:25:44+00:00,https://www.adzuna.co.za/details/5795686928?utm_medium=api&utm_source=7fc50c9d,2026-07-10,75,,
5791666852,Junior Data Analyst,Belay Talent Solutions,it,contract,,,False,South Africa,Western Cape,Cape Town Region,"Cape Town City Centre, Cape Town Region",,,"Junior Data Analyst (Cape Town) – 6-Month Contract A top IT company in Cape Town requires a Junior Data Analyst on contract with experience in Data Analytics, Business Intelligence, Reporting, or a related field, with practical exposure to SQL, data visualization tools (Power BI/Tableau), data cleaning, and business reporting. Graduates are welcome to apply! Position Overview: As the Junior Data Analyst (Contractor) will work closely with the team and business stakeholders to collect, clean, in...",2026-07-08 03:45:40+00:00,https://www.adzuna.co.za/details/5791666852?utm_medium=api&utm_source=7fc50c9d,2026-07-08,78,,
5788045771,Junior Data Analyst - (Graduate),60 Degrees,graduate,,400000.0,420000.0,False,South Africa,Gauteng,Johannesburg,"Sandton, North Johannesburg",-26.06861,28.04833,"Job Description THE OPPORTUNITY THAT AWAITS YOU A leading simulation science and data technology consultancy, based in the Northern Suburbs of Johannesburg, is seeking high-calibre Graduate Analysts to join their team of analytical problem-solvers. This is not a traditional graduate role. Your degree taught you what — this environment will teach you so what. Working alongside top-tier data scientists, engineers, and consultants, you'll apply mathematics, analytics, and commercial thinking to so...",2026-07-04 16:20:23+00:00,https://www.adzuna.co.za/details/5788045771?utm_medium=api&utm_source=7fc50c9d,2026-07-04,81,410000.0,
5772922039,Financial Data Analyst,CCG Systems,accounting_finance,permanent,,,False,South Africa,Eastern Cape,Amatole,"East London, Buffalo City",-33.02222,27.87806,"CCG Systems is an ICT sector and is well known to specialize in the implementation and support of ERP systems as well as Payroll & HR Systems to which our clients are made of mostly Municipalities throughout South Africa. Our company is looking for a potential candidate to join our Consulting team in the capacity of a Financial Data Analyst, to be based at our Head Office. The Financial Data Analyst is responsible for ensuring the accuracy, integrity, and compliance of financial information acr...",2026-06-23 00:39:00+00:00,https://www.adzuna.co.za/details/5772922039?utm_medium=api&utm_source=7fc50c9d,2026-06-23,93,,
5768781186,Geospatial Data Analyst,Cartrack Pty Ltd,it,permanent,,,False,South Africa,Western Cape,Cape Town Region,"Cape Town City Centre, Cape Town Region",,,"Picup, a last-mile delivery and technology-focused company, powered by a scalable crowd-sourced driver network is seeking an experienced Data Analyst with geospatial expertise to drive our data-driven initiatives and optimize last-mile delivery operations. This role combines advanced analytics capabilities with spatial intelligence to deliver strategic insights, working directly with Senior Management and cross-functional teams to drive operational excellence and business growth. Strategic Anal...",2026-06-19 03:43:34+00:00,https://www.adzuna.co.za/details/5768781186?utm_medium=api&utm_source=7fc50c9d,2026-06-19,97,,
5761403545,Data Analyst,Network1,accounting_finance,,,,False,South Africa,Western Cape,Cape Winelands,"Stellenbosch, Cape Winelands",-33.926942,18.855339,"We are seeking an experienced Data Analyst to join a leading financial analytics organisation and play a key role in driving data-informed decision-making across the business. This is an exciting opportunity for a data professional with a strong finance background who enjoys working with large datasets, identifying trends and anomalies, and delivering impactful reporting solutions. Key Responsibilities: Data Collection & Management: Collect, cleanse, validate, and organise data from multiple so...",2026-06-12 14:40:04+00:00,https://www.adzuna.co.za/details/5761403545?utm_medium=api&utm_source=7fc50c9d,2026-06-12,104,,
5741838890,Financial & Data Analyst,Pavago,it,,,,False,South Africa,,,South Africa,,,"Financial Analyst / Data Analyst (FP&A, SQL, BI & Financial Modeling) Full-Time Remote | U.S. Business Hours About the Role We're hiring a highly analytical and data-driven Financial Analyst / Data Analyst to help transform financial and operational data into actionable business insights. This role is ideal for someone who enjoys: financial modeling, business intelligence, reporting, forecasting, and turning complex datasets into clear strategic recommendations. You'll work closely with leade...",2026-05-27 04:15:25+00:00,https://www.adzuna.co.za/details/5741838890?utm_medium=api&utm_source=7fc50c9d,2026-05-27,120,,
5729387567,Data Analyst,Huzzle,it,,,,False,South Africa,,,South Africa,,,"About Huzzle At Huzzle, we connect exceptional talents with top opportunities at leading companies across the UK, US, Canada, Europe, and Australia. Our clients include startups, digital agencies, and tech platforms in industries such as SaaS, MarTech, FinTech, and AI. Unlike an outsourcing agency, we place you directly with a client where you're hired in-house as a valued member of their team. Job Type: Full-time Location: Remote About the Company Our client is a growing European business focu...",2026-05-14 18:13:45+00:00,https://www.adzuna.co.za/details/5729387567?utm_medium=api&utm_source=7fc50c9d,2026-05-14,132,,
5720947296,Junior Data Analyst,Catch,it,permanent,,,False,South Africa,Western Cape,Cape Town Region,"Cape Town City Centre, Cape Town Region",,,"The role focuses on transforming raw data into meaningful insights that drive better decisionmaking across sales, trade marketing, and commercial strategy. This position blends analytical work with hands-on reporting and administrative support, making it ideal for an early-career analyst looking to build strong experience in the FMCG / retail supplier environment. Key Responsibilities Data Analysis & Insights • Analyse sales, stock, and distribution data from multiple retail partners • Identify...",2026-05-07 00:37:44+00:00,https://www.adzuna.co.za/details/5720947296?utm_medium=api&utm_source=7fc50c9d,2026-05-07,140,,
5713928245,Data Analyst,Clockwork,"pr,_advertising_marketing",,,,False,South Africa,Gauteng,Johannesburg,"Johannesburg, Gauteng",-26.183117,28.026104,"Data Analyst Clockwork is a global creative agency working with brands like Microsoft Xbox and publishers such as Konami, delivering socially led campaigns that reach gaming communities around the world. We're looking for a Data Analyst who gets it - a gamer first. Someone who lives in the ecosystem, understands player mindset, internet culture, fandoms, and what makes gaming communities tick. Role Overview We're looking for a Data Analyst to transform complex data into actionable insights that...",2026-04-29 23:36:52+00:00,https://www.adzuna.co.za/details/5713928245?utm_medium=api&utm_source=7fc50c9d,2026-04-29,147,,
5684587936,Data Analyst,Right To Care,it,contract,,,False,South Africa,Gauteng,Tshwane,"Centurion, Tshwane",-25.8425,28.18586,"Data analytics/ Scientist Centurion Office To lead data analytics in line with donor and programme objectives. The Data Scientist will be responsible for understanding organisation needs, then developing and executing data analysis to improve program performance. The Data Scientist will also be responsible for accurate, standardized, and ad hoc analytical reports, dashboard reports, monitoring and evaluation analytics across all programs. The Data Scientist will enhance data driven decision mak...",2026-04-01 01:53:16+00:00,https://www.adzuna.co.za/details/5684587936?utm_medium=api&utm_source=7fc50c9d,2026-04-01,176,,
5674662374,Data Analyst,OneNebula,it,,,,False,South Africa,Western Cape,Cape Town Region,"Rugby, Cape Town Region",-33.88333,18.51667,"Do you w ant to be part of a dynamic team constantly challenging the status quo and finding ""smarter"" ways of doing things? If you answered yes, keep reading . Who Are We? 1Nebula is a next-generation SaaS Technology Business focused on providing businesses with cloud & technology expense management services and tools to accelerate their cloud journey . We hire amazing people from across South Africa, making our diverse group of team members, called N48Xers, a force to be reckoned with. Learn m...",2026-03-21 23:34:38+00:00,https://www.adzuna.co.za/details/5674662374?utm_medium=api&utm_source=7fc50c9d,2026-03-21,186,,
5621869797,Senior Data Analyst,BDO South Africa,accounting_finance,contract,,,False,South Africa,Western Cape,Cape Town Region,"Cape Town City Centre, Cape Town Region",,,"§ Contributes and participates in the effective implementation of the Audit Data Analytics strategy and operational plan. § Drive strategic objectives of value creation, deriving efficiencies through the use of audit analytics tools and techniques, as well as enhancing overall quality on audit engagements. § Responsible for skills transfer and training initiatives for junior staff. § Contributes or leads discussions with Audit Directors | Partners to discuss where analytics can play a part on a...",2026-02-10 00:48:47+00:00,https://www.adzuna.co.za/details/5621869797?utm_medium=api&utm_source=7fc50c9d,2026-02-10,226,,
5489460673,Data Analyst,Hire Resolve,it,permanent,,,False,South Africa,Gauteng,Tshwane,"Centurion, Tshwane",-25.8425,28.18586,"Hire Resolves client is seeking a Data Analyst who will be delivering comprehensive data analysis solutions through regular and ad-hoc projects. The Data Analyst will implement and maintain data sourcing and transformation processes using SQL, collaborate with clients and stakeholders to define requirements, and perform data extraction and manipulation. Key Responsibilities: Data Analyst will be part of a team that conducts regular and adhoc data projects. Data Analyst required to implement and...",2025-11-10 16:53:16+00:00,https://www.adzuna.co.za/details/5489460673?utm_medium=api&utm_source=7fc50c9d,2025-11-10,317,,
5489451818,Data Analyst (Inventory Analytics) - Gauteng,RPO Recruitment,it,permanent,,,False,South Africa,Gauteng,Johannesburg,"Johannesburg, Gauteng",-26.183117,28.026104,"RPO Recruitment's client is actively seeking analytical Data Analyst (Inventory Analytics) to join their team in Wadeville, Gauteng. This is an exciting opportunity for a driven professional to contribute to inventory optimization, demand forecasting, and data-driven decision-making within a fast-paced supply chain environment. Responsibilities Analyse inventory data to identify trends, inefficiencies, and opportunities for improvement Develop and maintain dashboards and reports to track invent...",2025-11-10 16:43:18+00:00,https://www.adzuna.co.za/details/5489451818?utm_medium=api&utm_source=7fc50c9d,2025-11-10,317,,
5488501647,Data Analyst,Hire Resolve,it,permanent,,,False,South Africa,Gauteng,Johannesburg,"Johannesburg, Gauteng",-26.183117,28.026104,"Hire Resolve's client is seeking a talented and motivated Data Analyst to join their team. The ideal candidate will be responsible for collecting, analyzing, and interpreting data to help drive business decisions and improve overall performance. The Data Analyst will play a crucial role in identifying trends, patterns, and insights to support their company's strategic goals. Key Responsibilities: Collect, clean, and analyze data from multiple sources to uncover insights and trends Develop repor...",2025-11-09 16:52:29+00:00,https://www.adzuna.co.za/details/5488501647?utm_medium=api&utm_source=7fc50c9d,2025-11-09,318,,
5488501234,Power BI / Data Analyst,Hire Resolve,it,permanent,600000.0,650000.0,False,South Africa,Gauteng,Johannesburg,"Johannesburg, Gauteng",-26.183117,28.026104,"Hire Resolve's client is looking for a talented and experienced Power BI / Data Analyst to join their data analytics team in Johannesburg, GP. In this role, you will be responsible for designing, developing, and maintaining interactive Power BI dashboards and reports to provide valuable business insights to our stakeholders. You will work closely with cross-functional teams to understand their data needs and translate them into effective visualizations and analytics. Responsibilities: Collect, ...",2025-11-09 16:52:04+00:00,https://www.adzuna.co.za/details/5488501234?utm_medium=api&utm_source=7fc50c9d,2025-11-09,318,625000.0,
5472104254,QA/Data Analyst,Hire Resolve,it,permanent,180000.0,240000.0,False,South Africa,Gauteng,Johannesburg,"Johannesburg, Gauteng",-26.183117,28.026104,"An innovative and fast-paced company in the data intelligence and risk management space is looking for a QA/Data Analyst to join their growing team in Johannesburg. This is an ideal opportunity for a recent graduate or early-career professional with strong mathematical, analytical, and technical capabilities, looking to apply their skills in a high-impact environment. : Analyse data to detect trends, anomalies, and quality issues Automate processes to improve efficiency and accuracy Write and o...",2025-10-31 06:54:38+00:00,https://www.adzuna.co.za/details/5472104254?utm_medium=api&utm_source=7fc50c9d,2025-10-31,328,210000.0,
5460285094,Power BI Data Analyst,Hire Resolve,it,permanent,,,False,South Africa,Gauteng,Johannesburg,"Midrand, North Johannesburg",-26.03667,28.15306,"Hire Resolve's client is seeking a skilled Power BI Data Analyst to join their data analytics team. In this role, you will be responsible for designing, developing, and maintaining interactive Power BI dashboards and reports to provide valuable business insights to our stakeholders. You will work closely with cross-functional teams to understand their data needs and translate them into effective visualizations and analytics. Key Responsibilities: Collect, analyze, and interpret complex business...",2025-10-23 06:49:11+00:00,https://www.adzuna.co.za/details/5460285094?utm_medium=api&utm_source=7fc50c9d,2025-10-23,336,,
5458732509,Data Analyst,Hire Resolve,sales,permanent,,,False,South Africa,Western Cape,Cape Town Region,"Cape Town City Centre, Cape Town Region",,,"Hire Resolve's client is currently seeking a Data Analyst to join their team in manufacturing operations, based in Bellville. The candidate will provide teams with Sales Reporting (internal & external sales data), Market Intelligence (Category, Share & Competitor data) & Insights to leverage incremental growth opportunities, and to guide and influence strategic decision-making Responsibilities: Support the Regions through delivering meaningful & actionable Sales, Market and Business Intelligenc...",2025-10-22 06:50:06+00:00,https://www.adzuna.co.za/details/5458732509?utm_medium=api&utm_source=7fc50c9d,2025-10-22,337,,
5446461711,Data Analyst,RPO Recruitment,manufacturing,permanent,,,False,South Africa,Gauteng,Ekurhuleni,"Germiston, Ekurhuleni",-26.239721,28.189786,"A well-established and fast-paced manufacturing company is looking for an experienced Data Analyst with a strong background in inventory and stock management to join their team in Germiston, Gauteng. The successful candidate must have experience working with stock environments valued at R400 million and managing over 35,000 active line items. This role is critical in supporting business intelligence and optimizing stock across a national warehouse network. Responsibilities: Analyze and manage s...",2025-10-14 06:40:58+00:00,https://www.adzuna.co.za/details/5446461711?utm_medium=api&utm_source=7fc50c9d,2025-10-14,345,,
5444529225,Data Analyst (LatAm) - 13984,Somewhere,it,,30000.0,48000.0,False,South Africa,,,South Africa,,,"Type: Full-Time Work Hours: ​​​​​full-time, around 40 hours per week, with some flexibility in the exact weekly hours as needed. (Can change depends on the client) Location: Remote (LATAM preferred, but open to global candidates) Compensation: $2,500 – $4,000 USD/month About the Role: We're hiring a skilled ata Data nalyst to serve as our in-house expert for system development, data integration, and reporting. This person will bridge the gap between technical implementation and business intelli...",2025-10-12 19:46:38+00:00,https://www.adzuna.co.za/details/5444529225?utm_medium=api&utm_source=7fc50c9d,2025-10-12,346,39000.0,
5340341316,Cloud Data Analyst,,it,,,,False,South Africa,Gauteng,Tshwane,"Centurion, Tshwane",-25.8425,28.18586,"Key responsibilities include: Analyzes data stored in cloud environments to extract insights and support data-driven decision-making.Use various cloud analytics tools and technologies, including data visualization software and machine learning algorithms.Ensure that data is accurate, consistent, and readily available for analysis. Required qualifications and experience: Diploma (NQF Level 6) in Information Technology (IT) or related field. Must have any relevant Cloud Data Analytics certificati...",2025-08-06 21:54:52+00:00,https://www.adzuna.co.za/details/5340341316?utm_medium=api&utm_source=7fc50c9d,2025-08-06,413,,
5330163265,Senior Internal IT Auditor/ Data Analyst,,accounting_finance,,,,False,South Africa,Gauteng,Johannesburg,"Kensington, East Johannesburg",-26.19611,28.09694,"Identify management needs and deliver superior value.Identify key business risks.Plan audit assignments.Execute internal audit reviews, delivering audit outputs including final reports within agreed timescales and in accordance with the Global Internal Audit Standards and the internal audit methodology.Evaluating systems control adequacy, effectiveness, and efficiency.Preparing acceptable working papers on assigned audits.Compile audit reports, discuss findings with management and agree on acti...",2025-07-31 21:40:37+00:00,https://www.adzuna.co.za/details/5330163265?utm_medium=api&utm_source=7fc50c9d,2025-07-31,419,,
5324497477,Data Analyst,,it,,,,False,South Africa,KwaZulu-Natal,eThekwini,"Greyville, Durban",-29.85417,31.05,"Requirements:A Certification in Data Science, Computer Science, or a related field is requiredA minimum of 2-3 years working experienceData analysis, reporting, and data-driven decision making are requiredExperience with data visualisation and dashboard tools (Power BI, ZOHO)Experience in conducting trend analysis and statistical analysis to identify patterns and insightsStrong knowledge of Excel (advanced functions, pivot tables)Familiarity with business intelligence (BI) platformsFamiliarity ...",2025-07-27 21:40:37+00:00,https://www.adzuna.co.za/details/5324497477?utm_medium=api&utm_source=7fc50c9d,2025-07-27,423,,3.0
5312388886,Data Analyst - (CONTRACT),,it,contract,,,False,South Africa,Western Cape,Cape Town Region,"Bo-Kaap, Cape Town City Centre",-33.92889,18.41722,"Project FIT overviewFinance in Transformation aims to achieve significant efficiencies in financial reporting processes, free up the capacity of finance professionals, and enhance our ability to generate insights from data. To effectively manage the programme's scope, our client needs to bolster analysis capacity to distinct capability deliveries. Data AnalystA Data Analyst with expertise in finance as relates to capabilities for Financial Consolidation, Financial Planning, and Analytics is req...",2025-07-19 21:38:15+00:00,https://www.adzuna.co.za/details/5312388886?utm_medium=api&utm_source=7fc50c9d,2025-07-19,431,,
5300995904,Senior Data Analyst,,it,,,,False,South Africa,Gauteng,Johannesburg,"Kensington, East Johannesburg",-26.19611,28.09694,"Qualifications & Requirements:Minimum 5 years in data analysis or BI reporting rolesStrong SQL & DAX skills (Power BI)Experience designing semantic models and dashboards in Power BIDeep knowledge of normalized/star-schema databasesProficiency in advanced Excel (Pivot Tables, Power Query, and data reconciliation)Familiarity with modern data environments (data lakes, CI/CD, and data warehousing Microsoft Fabric is a bonus)Business rule documentation and data validation expertiseKey Performance Ar...",2025-07-13 21:35:33+00:00,https://www.adzuna.co.za/details/5300995904?utm_medium=api&utm_source=7fc50c9d,2025-07-13,437,,5.0
5274948193,Sales Data Analyst,,it,,,,False,South Africa,Western Cape,Cape Town Region,"Bo-Kaap, Cape Town City Centre",-33.92889,18.41722,https://www.executiveplacements.com/Jobs/S/Sales-Data-Analyst-1195931-Job-Search-06-19-2025-10-18-57-AM.asp?sid=gumtree,2025-06-29 18:39:33+00:00,https://www.adzuna.co.za/details/5274948193?utm_medium=api&utm_source=7fc50c9d,2025-06-29,451,,
5240279960,Data Analyst,InspHired Recruitment,accounting_finance,,,,False,South Africa,Gauteng,Tshwane,"Pretoria, Tshwane",-25.725,28.18472,"Our client in the Insurance industry is currently looking for a Data Analyst , in Pretoria, Gauteng. Responsibilities: Collect, validate, and analyse data all current data; insurance policies, claims and demographics. Utilise effective statistical methods to identify trends, patterns, and correlations in the data. Review and understand the business and processes. Engage in active listening to determine the data requirements. Drive analytical projects to achieve defined objectives, focusing on d...",2025-06-08 19:57:16+00:00,https://www.adzuna.co.za/details/5240279960?utm_medium=api&utm_source=7fc50c9d,2025-06-08,472,,
5225653853,Senior Data Analyst - Talent Pool,OneMCI,it,,,,False,South Africa,Western Cape,Cape Town Region,"Pinelands, Cape Town City Centre",-33.93167,18.51278,"MCI is one of the fastest-growing tech-enabled business services companies in the USA, with a strong call center footprint and operations that extend across multiple countries. We deliver Customer Experience (CX), Business Process Outsourcing (BPO), and Anything-as-a-Service (XaaS) cloud technology solutions across a wide range of industries, including healthcare, retail, government, education, telecom, technology e-commerce, and financial services. Our contact centers are powered by both on-si...",2025-06-01 03:23:32+00:00,https://www.adzuna.co.za/details/5225653853?utm_medium=api&utm_source=7fc50c9d,2025-06-01,480,,
5192414771,SU - Data Analyst,Somewhere,it,,18000.0,30000.0,False,South Africa,,,South Africa,,,"We are seeking a detail-oriented and analytical Data Analyst. The ideal candidate will be responsible for collecting, processing, and analyzing data to provide actionable insights that support decision-making across the organization. You will collaborate with cross-functional teams to understand business needs, create reports and dashboards, and contribute to data-driven strategies. Key Responsibilities: Collect and acquire data from internal systems, databases, and external sources. Clean, org...",2025-05-10 19:21:16+00:00,https://www.adzuna.co.za/details/5192414771?utm_medium=api&utm_source=7fc50c9d,2025-05-10,501,24000.0,
5145919499,Business and Data Analyst,InspHired Recruitment,accounting_finance,,420000.0,420000.0,False,South Africa,Western Cape,Cape Town Region,"Cape Town Region, Western Cape",,,"Our client in the Manufacturing industry is currently looking for a Business and Data Analyst , in Blackheath, Cape Town. Responsibilities: Generating/setting up management reports on specific data. Daily Contribution report. Weekly Management Report. Sales Team Sales tracking. Electricity tracking. Ad hoc reporting requirements. Production Data. Production History. Raw material purchase management tool. Outstanding orders tracking tool. Stock Take. Stock take area sheets. Stock layout. Calcula...",2025-04-15 19:04:04+00:00,https://www.adzuna.co.za/details/5145919499?utm_medium=api&utm_source=7fc50c9d,2025-04-15,526,420000.0,
4909159050,Data Analyst,Bluespec Holdings,it,permanent,,,False,South Africa,Gauteng,Johannesburg,"Sandton, North Johannesburg",-26.06861,28.04833,"Main Job Function : Data Analyst Job Duties Data analyst responsibilities include conducting full lifecycle analysis to include requirements, activities and design. Data analysts will develop analysis and reporting capabilities. They will also monitor performance and quality control plans to identify improvements. Responsibilities • Interpret data, analyze results using statistical techniques and provide ongoing reports. • Develop and implement databases, data collection systems, data analytics...",2024-10-21 19:21:08+00:00,https://www.adzuna.co.za/details/4909159050?utm_medium=api&utm_source=7fc50c9d,2024-10-21,702,,
4909158877,Junior Data Analyst - Engage Grade 4,Evolution Group,it,permanent,,,False,South Africa,,,South Africa,,,Customer Relationship/expectations Demonstrates good understanding of business requirements and be able to deliver on those requirement accurately and of good quality. Maintain a positive and professional relationship when working with external clients Demonstrate good and regular communication with both our internal and external customers Ensure timeframe estimates are accurate and communicated with business and delivered upon Ensure deadlines set by business are met Development Requirements D...,2024-10-21 19:21:07+00:00,https://www.adzuna.co.za/details/4909158877?utm_medium=api&utm_source=7fc50c9d,2024-10-21,702,,
4802269034,Technical Data Analyst,JTC,it,,,,False,South Africa,Western Cape,Cape Town Region,"Cape Town Region, Western Cape",,,"Role Purpose ​ The functions of the Technical Data Analyst is to assist the operations and development team to ensure the efficient and smooth running of functional processes. The role includes understanding the queries of operation teams and developing reusable, quality and scalable business solutions which is closely aligned to the requirements set out by the business. Responsibilities and Duties Developing strategies for standardizing and consolidating processes using robust applications suc...",2024-07-31 09:52:15+00:00,https://www.adzuna.co.za/details/4802269034?utm_medium=api&utm_source=7fc50c9d,2024-07-31,785,,
4776496375,Parexel: Project Lead Clinical Data Analyst,,scientific_qa,,,,False,South Africa,,,South Africa,,,PAREXEL International is a multinational life sciences consulting firm. It conducts clinical trials on behalf of its pharmaceutical clients to expedite the drug approval process There are pivotal moments in every career: Sharing new treatments. Improving processes. Delivering life-saving advances. The people who succeed are the ones who make the journey go further and faster every time. What if you had a partner to support you as you reach the next level in your professional path? A partner who...,2024-07-12 19:03:22+00:00,https://www.adzuna.co.za/details/4776496375?utm_medium=api&utm_source=7fc50c9d,2024-07-12,803,,
2572664105,Acuity Consultants Recruits Data Analyst,,it,contract,,,False,South Africa,,,South Africa,,,Acuity Consultants are looking for a Junior Data Analyst to start immediately in the financial sector. You will be SQL and Excel proficient and be adept at analysing data content by gathering information from different locations. An accounting experience or an understanding of an accounting environment would be beneficial. Please note the following which is mandatory: Excel proficiency Experience of data modelling High verbal and written aptitude BSc or Bcom Please note: This is a Contract posi...,2021-10-23 23:20:48+00:00,https://www.adzuna.co.za/details/2572664105?utm_medium=api&utm_source=7fc50c9d,2021-10-23,1796,,
